Symbol,Description,PV Breakout Flag,PV Days Ago,PV Breakout Date,PV Strength %,PV Type,Volume Ratio,Price vs SMA %,Gap1 Flag,Gap1 Days Ago,Gap1 Date,Gap1 Size %,Gap1 Direction,Combined Score,Any Signal
5380,Hyundai Motor Company,1,17,20260121,10.5740181268882,1,0.513622025215232,89.9787178149782,1,16,20260122,6.73952641165756,1,80,1
0IIH,Kering SA,0,,,,0,0.0519814027347862,11.9423305788566,1,4,20260210,14.3847487001733,1,50,1
0L2T,"Samsung SDI Co., Ltd Sponsored GDR 144A",1,44,20251103,,1,0.494505494505494,33.2722794214019,1,8,20260203,5.40540540540541,1,80,1
0MPH,Deutsche Telekom AG,0,,,,0,0.203806542406822,9.86592625834807,0,,,,,0,0
0NQE,PUMA SE,0,,,,0,0.0830847383935079,12.9954223097175,1,14,20260127,19.9491447064263,1,50,1
0NRG,Bilfinger SE,0,,,,0,0.356742821804924,26.7510157152541,0,,,,,0,0
0NWC,secunet Security Networks AG,0,,,,0,0.201924392357153,-8.04349189870821,1,11,20260130,8.7962962962963,1,20,1
0QP2,Zurich Insurance Group Ltd,0,,,,0,0.0551583540137467,-1.76785663540553,0,,,,,0,0
0QQ6,Roche Holding Ltd,0,,,,0,0.0586597593488992,24.9863294103432,1,90,20251002,5.23448176633586,1,20,1
0QWI,"Industria de Diseno Textil, S.A.",0,,,,0,0.302329243891056,18.1829730857879,0,,,,,0,0
0QYR,Panasonic Holdings Corporation,0,,,,0,0.547815015230311,69.9733988640885,1,2,20260122,8.97134805072804,1,50,1
0RJT,Redcare Pharmacy N.V.,0,,,,0,0,-17.1810267405949,1,28,20260107,-6.5359477124183,-1,20,1
1,CK Hutchison Holdings Ltd,1,15,20260126,3.25655281969817,1,0.301655474525924,21.7457886676876,0,,,,,30,1
1024,Kuaishou Technology Class B,0,,,,0,0.308956344794899,-1.05383452555745,1,30,20260105,5.8867924528302,1,20,1
1211,BYD Company Limited Class H,1,10,20260202,1.24796527400977,-1,0.397487192520618,-12.4660541158549,0,,,,,30,1
1301,Formosa Plastics Corporation,1,11,20260127,4.50819672131148,1,0.70615672357619,19.3570122244682,0,,,,,30,1
1EL,EssilorLuxottica SA,1,81,20251017,15.1145602365114,1,0.384897465448761,-5.28312955530228,1,2,20260212,8.84814667198087,1,50,1
1KER,Kering SA,1,77,20251023,3.9090909090909,1,0.0820892519415718,12.0555516848974,1,4,20260210,9.82658959537572,1,50,1
1N8,Adyen NV,1,1,20260212,27.6138147566719,-1,5.77838373822509,-37.6984418404439,0,,,,,30,1
1PUM,PUMA SE,0,,,,0,0.306641982738049,12.8496671076831,1,14,20260127,11.1059479553903,1,50,1
1TKA,thyssenkrupp AG,0,,,,0,0.457550899626955,34.8669172910734,1,80,20251020,15.2809258251852,1,50,1
2318,"Ping An Insurance (Group) Company of China, Ltd. Class H",1,29,20260106,,1,0.26895230373756,24.5142358632724,0,,,,,30,1
2354,"Foxconn Technology Co., Ltd.",0,,,,0,0.812178958752599,-9.32542440953391,0,,,,,0,0
2628,China Life Insurance Co. Ltd. Class H,0,,,,0,0.140801310173236,41.4524464729176,1,81,20251020,6.27177700348431,1,20,1
2VZ,"Leonardo DRS, Inc.",0,,,,0,1.4497528830313,-9.09775900527864,0,,,,,0,0
300750,"Contemporary Amperex Technology Co., Limited Class A",0,,,,0,0.797714937785456,13.6135878542243,0,,,,,0,0
3988,Bank of China Limited Class H,0,,,,0,0.283247067853128,3.18637762671326,0,,,,,0,0
399001,Shenzhen Component Index,1,24,20260112,1.60805485537741,1,0.927805901653432,15.384215517278,0,,,,,30,1
3KLA,"JL MAG Rare-Earth Co., Ltd. Class H",0,,,,0,0,8.54966861481682,1,5,20260209,5.55555555555554,1,50,1
4005,"Sumitomo Chemical Co., Ltd.",1,7,20260204,,1,1.15775877581455,34.9425428856871,0,,,,,30,1
4927,Pola Orbis Holdings Inc.,0,,,,0,1.19991637273481,1.76416391016055,0,,,,,0,0
4FG,"Fuyao Glass Industry Group Co., Ltd. Class H",0,,,,0,0,-3.45313601127554,1,11,20260129,-5.40540540540541,-1,20,1
4HO,Thales SA,0,,,,0,0,0.0573966351729808,0,,,,,0,0
4JP,"JAPAN POST INSURANCE Co., Ltd.",1,29,20260105,,1,0,24.8433962678857,0,,,,,30,1
4TKA,thyssenkrupp AG,0,,,,0,2.90275761973875,6.17686823003013,1,1,20260212,-5.87758411025538,-1,50,1
5843,Nippon Insure Co. Ltd.,0,,,,0,4.13076923076923,3.99987253941321,0,,,,,0,0
5O7,Total Energy Services Inc.,1,93,20250924,,1,0.29539636132277,32.5664066357263,1,81,20251010,-5.74712643678161,-1,50,1
5Y2,Dino Polska SA,0,,,,0,0.0823169255435338,-17.6170200813999,1,80,20251017,-6.51872399445215,-1,20,1
600500,Sinochem International Corporation Class A,1,10,20260130,0.430107526881711,1,1.29359839942665,9.40515556429702,0,,,,,30,1
600660,"Fuyao Glass Industry Group Co., Ltd. Class A",0,,,,0,1.13399383166532,-4.19165541265514,0,,,,,0,0
600688,Sinopec Shanghai Petrochemical Co. Ltd. Class A,0,,,,0,0.809571194553162,9.0520188649473,0,,,,,0,0
6146,Disco Corporation,0,,,,0,0.5192045691225,58.9800284914388,1,4,20260209,7.09726443768997,1,20,1
6501,"Hitachi, Ltd.",0,,,,0,1.29856607423842,14.1446445603995,1,4,20260209,5.58971492453885,1,20,1
6594,Nidec Corporation,1,69,20251031,0.501981505944518,-1,0.671697840850398,-6.07480711436749,1,35,20251222,6.15615615615616,1,80,1
7181,"JAPAN POST INSURANCE Co., Ltd.",0,,,,0,1.77361770993368,23.2707589281494,0,,,,,0,0
7201,"Nissan Motor Co., Ltd.",1,1,20260213,,1,0.944876952397343,20.9037096210215,0,,,,,30,1
7203,Toyota Motor Corp.,0,,,,0,0.829574288554107,23.5942460911128,1,4,20260209,5.79365079365079,1,20,1
7269,Suzuki Motor Corp.,0,,,,0,0.622957845985152,15.7721365859908,0,,,,,0,0
728,China Telecom Corp. Ltd. Class H,0,,,,0,0.113973529165244,-12.9972534774519,1,10,20260202,-6.31970260223048,-1,20,1
7309,Shimano Inc.,0,,,,0,1.40702965894681,-5.02940328665106,0,,,,,0,0
8035,Tokyo Electron Ltd.,0,,,,0,0.696057730309515,44.2558257495603,1,23,20260113,8.15088367185439,1,20,1
850312,Assicurazioni Generali S.p.A.,0,,,,0,0.354086751254057,5.05606806500407,0,,,,,0,0
857,"PetroChina Co., Ltd. Class H",0,,,,0,0.222402900432302,19.6254862228709,0,,,,,0,0
8BU,Brunello Cucinelli S.p.A.,1,95,20250926,0.426237272081458,-1,0,-11.7276819710006,0,,,,,30,1
8BU,Brunello Cucinelli S.p.A.,1,95,20250925,,-1,0.0527965682230655,-11.5722033466472,0,,,,,30,1
8GC,Glencore plc,1,73,20251029,,1,0.253706703071472,40.135904960688,1,10,20260202,-5.76855434400282,-1,50,1
9434,SoftBank Corp.,0,,,,0,1.01143865444581,-2.52549638324259,0,,,,,0,0
992,Lenovo Group Limited,1,27,20260108,3.9387308533917,-1,0.612599517132634,-8.25778575726782,0,,,,,30,1
A1CWEB,Pola Orbis Holdings Inc.,0,,,,0,,,0,,,,,0,0
A403UW,Saab AB Class B,0,,,,0,0.549118471099173,20.4305593316691,0,,,,,0,0
AAON,"AAON, Inc.",0,,,,0,1.14796053956608,14.2037203806,1,67,20251106,17.6974106569656,1,50,1
AAPL,Apple Inc.,0,,,,0,1.1558052050045,6.54876236726704,0,,,,,0,0
ABBV,AbbVie Inc.,0,,,,0,1.25743191296335,9.91053567261575,1,7,20260204,-7.0393512363733,-1,20,1
ABNB,"Airbnb, Inc.",0,,,,0,2.31080416875003,-5.53021894451922,0,,,,,0,0
ABT,Abbott Laboratories,1,16,20260122,11.0446783242557,-1,0.845536411402969,-12.1048844270495,1,16,20260122,-10.9334879483144,-1,80,1
ACLS,"Axcelis Technologies, Inc.",0,,,,0,1.94479411047409,19.4340556325222,1,20,20260115,6.20038618322249,1,20,1
ADBE,Adobe Inc.,0,,,,0,1.34373963111785,-25.007452166043,0,,,,,0,0
ADI,"Analog Devices, Inc.",0,,,,0,0.870729672986786,34.9493899755142,0,,,,,0,0
ADM,Archer-Daniels-Midland Company,0,,,,0,0.0575441635986759,19.9186880119799,1,72,20251029,-7.50877192982456,-1,20,1
ADM,Archer-Daniels-Midland Company,0,,,,0,0.904287221595873,19.6181717745169,1,8,20260203,-8.31374853113983,-1,20,1
ADP,"Automatic Data Processing, Inc.",1,1,20260212,,-1,1.44147140263669,-25.4219910721569,0,,,,,30,1
ADS,adidas AG,0,,,,0,0.167088157439834,-14.0427787746447,0,,,,,0,0
ADS,adidas AG,0,,,,0,0.541028176180082,-14.5407881054053,0,,,,,0,0
ADSK,"Autodesk, Inc.",1,1,20260212,,-1,1.42449505054906,-21.7008146203631,1,53,20251126,6.63655198179534,1,50,1
AEG,Aegon Ltd. New York Registry Shares,0,,,,0,2.50791089921489,1.70196494099814,1,44,20251210,-8.68187579214195,-1,20,1
AEHR,Aehr Test Systems,1,2,20260211,17.5347222222222,1,1.38824563041333,38.5031906399889,1,2,20260211,18.5426761088334,1,80,1
AEO,"American Eagle Outfitters, Inc.",1,49,20251203,11.8003731343283,1,0.666243245006477,52.5960949653172,1,23,20260112,-9.47054436987323,-1,80,1
AEP,"American Electric Power Company, Inc.",1,73,20251029,1.36974929437158,1,1.3688174025538,15.6926780798257,0,,,,,30,1
AES,The AES Corporation,1,8,20260203,3.73952288845906,1,1.22623701520948,23.6081742358957,1,8,20260203,6.78886625933469,1,80,1
AGNC,AGNC Investment Corp.,0,,,,0,1.12771889023568,13.3913598977881,0,,,,,0,0
AI,Air Liquide SA,1,57,20251124,,-1,0.182790774570625,-1.10502611281592,0,,,,,30,1
AI,"C3.ai, Inc.",0,,,,0,0.882322060708864,-42.3313539827743,1,12,20260128,11.8253968253968,1,50,1
AIG,"American International Group, Inc. New",0,,,,0,0.808678575337334,-2.32686557153052,1,27,20260106,-5.558189144347,-1,20,1
AIGI,ARTISTMSS INTL GROUP INC,0,,,,0,0.059717377165494,-99.9817321273505,1,3,20250430,9900,1,50,1
AIL,Air Liquide SA,0,,,,0,1.02151985252998,-1.37197609742696,0,,,,,0,0
AIR,Airbus SE,0,,,,0,0.30072110752333,3.42625955459369,0,,,,,0,0
AIRR,First Trust RBA American Industrial Renaissance ETF,0,,,,0,0.680614627875233,28.1655114397186,0,,,,,0,0
AIZ,"Assurant, Inc.",0,,,,0,2.00841778224686,1.91235621714346,0,,,,,0,0
AKU1,Akzo Nobel N.V.,1,55,20251118,-2.71880819366852,-1,0.0352275352275352,3.18837417802126,0,,,,,30,1
AKU1,Akzo Nobel N.V.,1,58,20251118,-2.6051358392259,-1,2.5882570846453,3.32621757841532,0,,,,,30,1
ALAB,"Astera Labs, Inc.",0,,,,0,1.35080712848833,-13.3956480174655,1,2,20260211,-12.0857486601772,-1,50,1
ALHC,"Alignment Healthcare, Inc.",0,,,,0,0.722066576838662,19.4676323485686,1,13,20260127,-13.4817303653927,-1,50,1
ALLT,Allot Ltd.,0,,,,0,0.436085412293437,13.8358865968229,1,57,20251120,17.096018735363,1,50,1
ALO,Alstom SA,0,,,,0,0.0965369246499899,29.5235689134411,0,,,,,0,0
ALV,Allianz SE,0,,,,0,0.572491424706508,1.98707073395201,0,,,,,0,0
AM,Dassault Aviation SA,0,,,,0,0.247756097605049,16.0537584730277,0,,,,,0,0
AMAT,"Applied Materials, Inc.",0,,,,0,2.04754142389325,63.479561427419,1,20,20260115,8.67534532445593,1,20,1
AMBA,"Ambarella, Inc.",0,,,,0,0.49998869081375,-6.89871913673563,1,53,20251126,-12.0918984280532,-1,50,1
AMD,"Advanced Micro Devices, Inc.",1,90,20251006,9.14010179480311,1,0.700158300438935,13.9447687743408,1,7,20260204,-11.1973896162901,-1,80,1
AMGN,Amgen Inc.,0,,,,0,0.82616448179211,20.9984742046192,0,,,,,0,0
AMSC,American Superconductor Corporation,1,6,20260205,3.6032689450223,-1,1.41439472121126,-14.9773607990044,1,2,20260211,5.05018820577165,1,80,1
AMZ,"Amazon.com, Inc.",1,6,20260206,0.85774757714158,-1,0.723299318310858,-12.3512114348055,1,6,20260206,-10.0826096166066,-1,80,1
AMZN,"Amazon.com, Inc.",1,5,20260206,-2.58011022777154,-1,1.41117495420717,-11.1044729265294,1,5,20260206,-8.97660424805784,-1,80,1
ANET,"Arista Networks, Inc.",0,,,,0,2.74575120473498,13.2305576159125,1,16,20260122,9.85937622751198,1,20,1
ANF,Abercrombie & Fitch Company,0,,,,0,0.52969594207293,4.53062736225827,1,23,20260112,-17.5142147833747,-1,50,1
ANGO,"AngioDynamics, Inc.",1,92,20251002,0.170648464163819,1,0.541888223992013,2.31204708032954,1,86,20251010,5.47576301615798,1,80,1
APD,"Air Products and Chemicals, Inc.",1,71,20251031,0.740589198036007,-1,2.03719734333535,2.80063185603209,0,,,,,30,1
APP,Applovin Corporation,1,7,20260204,13.650043471476,-1,1.71016586315922,-22.5094824444939,1,1,20260212,-11.5606050655634,-1,80,1
AS,"Amer Sports, Inc.",0,,,,0,0.825329572373345,10.9136094147016,1,59,20251118,7.34720416124838,1,20,1
ASC,Ardmore Shipping Corporation,1,59,20251118,,1,1.78270985724012,20.2967556195326,0,,,,,30,1
ASG,Assicurazioni Generali S.p.A.,1,37,20251217,,1,0.558368291624476,4.78577898687022,0,,,,,30,1
ASHR,Xtrackers Harvest CSI 300 China A-Shares ETF,0,,,,0,0.875360789015806,9.343549120187,0,,,,,0,0
ASM,ASM International N.V.,1,22,20260115,4.46291166512773,1,0.0844020659875144,32.8376209641081,1,22,20260115,6.19469026548672,1,50,1
ASML,ASML Holding N.V. - New York Registry Shares,1,13,20260127,2.43952251839853,1,0.727170374555386,48.8110973399466,1,20,20260115,7.11510461178109,1,50,1
ASML,ASML Holding NV,1,22,20260115,,1,0.100184358067968,46.080056808911,1,13,20260128,6.76741130091985,1,50,1
ASTRAZEN,AstraZeneca Pharma India Limited,0,,,,0,0.270359079803103,0.0268490756166311,0,,,,,0,0
ASTS,"AST SpaceMobile, Inc.",1,19,20260116,10.4675572519084,1,0.834581659731825,37.0480195431706,1,1,20260212,-9.30664465538588,-1,80,1
ASWC,Future of Defence UCITS ETF Accum USD,0,,,,0,0.646563598013347,5.8235616631068,0,,,,,0,0
ASX,"ASE Technology Holding Co., Ltd.",1,5,20260206,1.9661056659768,1,0.925652633781593,81.3974581099781,1,71,20251031,5.25265957446809,1,50,1
ATO,Atmos Energy Corporation,0,,,,0,0.897470858416233,8.57845512696258,0,,,,,0,0
ATZ,"Aritzia, Inc.",1,25,20260109,4.32471036343438,1,0.973040990201205,33.0313037920032,1,25,20260109,7.78443113772455,1,80,1
AV.,Aviva plc,0,,,,0,0.171265461924578,-2.31962123462615,0,,,,,0,0
AVTR,"Avantor, Inc.",1,2,20260211,9.22787193973634,-1,1.12177895789975,-26.554529270415,1,2,20260211,-20.2508960573477,-1,80,1
AWK,"American Water Works Company, Inc.",0,,,,0,1.72186988907635,-2.6315731893302,0,,,,,0,0
AXA,AXA SA,0,,,,0,1.50868823203693,-7.16815835641337,0,,,,,0,0
AXON,"Axon Enterprise, Inc.",0,,,,0,1.07488425682894,-36.6471343285849,1,68,20251105,-20.1506804696019,-1,50,1
AXP,American Express Company,0,,,,0,1.34328174768296,1.58112144203669,0,,,,,0,0
AXTA,Axalta Coating Systems Ltd.,0,,,,0,0.900987506887454,11.6572746530135,1,7,20260204,5.94979857452741,1,20,1
BA,Boeing Company (The),0,,,,0,0.815716042235459,12.2930267490901,1,50,20251202,6.34988737530838,1,20,1
BA.,BAE Systems plc,0,,,,0,0.215943332950702,9.03145040331692,1,13,20260128,-8.99602385685885,-1,20,1
BAB,Babcock International Group PLC,0,,,,0,0.150973686207214,16.9273370818948,0,,,,,0,0
BABA,Alibaba Group Holding Limited,0,,,,0,1.34861025139201,8.24265037060923,1,85,20251013,5.51537639142193,1,20,1
BAC,Bank of America Corporation,0,,,,0,0.827729866448435,5.32186049914141,0,,,,,0,0
BAS,BASF SE,1,8,20260204,7.19517449375269,1,0.178940194914626,15.0999402697626,0,,,,,30,1
BAX,Baxter International Inc.,1,72,20251030,11.2552107457156,-1,1.76716222931348,-17.5301552508371,1,1,20260212,-12.3877917414722,-1,80,1
BAYN,Bayer AG,1,55,20251124,,1,0.134917191241886,50.7267711709996,1,49,20251202,11.5851657367903,1,80,1
BB2,Burberry Group plc,0,,,,0,0.198065559700261,2.36412738614375,0,,,,,0,0
BB2,Burberry Group plc,0,,,,0,0.00242039180092277,3.32796614272199,1,4,20260210,5.34660766961652,1,20,1
BBAI,"BigBear.ai, Inc.",0,,,,0,0.446107009778656,-29.5586191417547,1,57,20251120,5.3082191780822,1,50,1
BBD,Bombardier Inc. Class A,0,,,,0,0,34.6892655367233,1,9,20260202,-5.51724137931035,-1,20,1
BBY,"Best Buy Co., Inc.",0,,,,0,0.921405120409392,-8.83427720337368,0,,,,,0,0
BC,Brunello Cucinelli S.p.A.,1,97,20250925,10.479797979798,-1,0.21257877117102,-11.1149397789187,0,,,,,30,1
BEI,Beiersdorf AG,0,,,,0,2.55226174570806,5.02413976646072,0,,,,,0,0
BEI,Beiersdorf AG,0,,,,0,0.337710839614806,4.38196682907159,0,,,,,0,0
BF.B,Brown Forman Inc,0,,,,0,0.770967470676336,3.2917120040835,0,,,,,0,0
BHP,BHP Group Limited,1,11,20260129,,1,1.19901873127557,31.8318847036926,1,11,20260129,5.20011273957161,1,50,1
BIDU,"Baidu, Inc.",1,29,20260102,2.59385665529011,1,1.30753683002013,22.2957703702993,1,17,20260121,5.65924543394213,1,80,1
BIIB,Biogen Inc.,1,55,20251124,0.454493807521863,1,0.696237193480509,31.6770294541252,1,72,20251030,-5.24820776410119,-1,50,1
BILI,Bilibili Inc.,1,21,20260114,2.5846153846154,1,0.595578095858905,22.4091806885517,1,17,20260121,5.97951767426495,1,50,1
BIRK,Birkenstock Holding plc,0,,,,0,0.77924627461609,-14.2005615767265,1,38,20251218,-6.16379310344828,-1,20,1
BKNG,Booking Holdings Inc. Common Stock,1,1,20260212,0.401831470252971,-1,2.11080604815875,-21.9539881948386,0,,,,,30,1
BLK,"BlackRock, Inc.",0,,,,0,0.946369634552378,-0.537463980556594,0,,,,,0,0
BMW,Bayerische Motoren Werke AG,1,86,20251008,-13.1830985915493,-1,0.294912183860373,5.36007876593739,0,,,,,30,1
BMY,Bristol-Myers Squibb Company,0,,,,0,0.741707058674413,24.3405793689624,0,,,,,0,0
BN,Danone SA,1,18,20260121,,-1,0.0866658732702545,-1.50906938453377,1,18,20260121,-9.75543478260869,-1,50,1
BNP,BNP Paribas S.A. Class A,1,82,20251020,,-1,0.166583386256892,16.0343763840283,1,59,20251120,5.85954972416879,1,50,1
BNTX,BioNTech SE,0,,,,0,0.551017291698571,1.67064645417988,1,62,20251113,-5.55058191584602,-1,20,1
BOOT,"Boot Barn Holdings, Inc.",0,,,,0,0.732466499092921,7.75452557256951,1,72,20251030,5.71001956544125,1,20,1
BOSS,HUGO BOSS AG,1,48,20251203,2.67955801104974,-1,0.0744496928976056,-6.08663252949781,1,48,20251203,-10.5491698595147,-1,80,1
BP,BP p.l.c.,0,,,,0,0.866252406106594,11.8677548474295,1,3,20260210,-5.63488016318205,-1,20,1
BRK.A,Berkshire Hathaway Inc.,0,,,,0,0.520889853499729,1.48701286686975,0,,,,,0,0
BRK.B,Berkshire Hathaway Inc. New,0,,,,0,0.963920739583558,0.829178389624856,0,,,,,0,0
BRO,"Brown & Brown, Inc.",1,2,20260211,0.608037965297361,-1,1.70060198228033,-25.8330512490691,1,13,20260127,-6.68173825671943,-1,50,1
BROS,Dutch Bros Inc.,0,,,,0,4.72431332190654,-13.5864935039621,0,,,,,0,0
BSP,BAE Systems plc,0,,,,0,0.664894104703402,4.99636265910459,0,,,,,0,0
BSP,BAE Systems plc,1,25,20260108,-1.49377593360997,1,0.446788900809551,8.13819978428029,0,,,,,30,1
BSX,Boston Scientific Corporation,1,7,20260204,13.2483051821211,-1,0.992865165274045,-24.9247665389293,1,7,20260204,-11.1765989958524,-1,80,1
BTCUSDT,Bitcoin / TetherUS,1,11,20260205,12.4890663253951,-1,0.239526491216108,-31.3235603327392,0,,,,,30,1
BUD,Anheuser-Busch Inbev SA Sponsored,1,1,20260212,,1,1.48462683351156,23.5560282554299,0,,,,,30,1
BW,"Babcock & Wilcox Enterprises, Inc.",1,68,20251105,16.504854368932,1,0.598074804206402,167.440112615603,1,6,20260205,-5.82524271844659,-1,80,1
BX,Blackstone Inc.,1,6,20260205,1.0840742473873,-1,1.23355394213709,-16.2454943497473,0,,,,,30,1
BY6,BYD Company Limited Class H,1,9,20260202,,-1,0.807344391481609,-16.2348443927047,1,9,20260202,-7.63670946267238,-1,50,1
BYDDF,"BYD Co., Ltd.",0,,,,0,0.801430755598309,-13.8121152677126,1,9,20260202,-5.69823434991975,-1,20,1
BYDDY,"BYD Co., Ltd.",1,9,20260202,2.11685012701101,-1,1.46296240143088,-13.959102509141,1,65,20251110,6.06305578011318,1,50,1
BYND,"Beyond Meat, Inc.",1,82,20251016,20.1228878648234,-1,0.233894543318325,-66.8225883655481,1,61,20251114,-7.2970297029703,-1,80,1
CAAS,"China Automotive Systems, Inc.",0,,,,0,0.821654372301028,4.03571287679355,0,,,,,0,0
CAH,"Cardinal Health, Inc.",0,,,,0,0.559044832604769,26.750759577421,1,72,20251030,10.3179911230012,1,50,1
CAKE,The Cheesecake Factory Incorporated,1,73,20251029,,-1,0.848128300920947,4.48737384868217,0,,,,,30,1
CAMT,Camtek Ltd.,0,,,,0,0.916397955041102,60.5760119262382,1,20,20260115,7.91453505868192,1,20,1
CARE,"Carter Bankshares, Inc.",0,,,,0,1.43866118873233,18.107889932115,0,,,,,0,0
CART,Maplebear Inc.,1,94,20250930,,-1,3.58772085805273,-15.7268644995935,1,65,20251110,5.27891156462584,1,50,1
CAT,"Caterpillar, Inc.",1,73,20251029,7.43134872774706,1,1.17666614371283,58.7821153338157,1,73,20251029,6.42744103571223,1,50,1
CAVA,"CAVA Group, Inc.",0,,,,0,0.79995053206086,-9.05796945779929,1,72,20251030,-9.16156771953034,-1,20,1
CAWW,"CCA Industries, Inc.",0,,,,0,0.16144721281568,-31.4044960223742,1,2,20260211,-5.23054492436668,-1,50,1
CB,Chubb Limited,0,,,,0,1.14790839573965,12.4190242257029,0,,,,,0,0
CBK,Commerzbank AG,1,36,20251219,17.4690956408588,1,0.530607564007527,3.26620398862549,0,,,,,30,1
CCK,"Crown Holdings, Inc.",0,,,,0,0.849746100631384,10.6200323203398,1,79,20251021,7.30854782332381,1,20,1
CCL,Carnival Corporation,0,,,,0,0.87739021652382,13.2551681359775,1,69,20251104,-5.95611285266458,-1,20,1
CDI,Christian Dior SE,1,13,20260128,-21.5043394406943,-1,0.331324287013031,-1.80651590376015,1,85,20251015,10.0603621730382,1,80,1
CDNS,"Cadence Design Systems, Inc.",1,8,20260203,-8.39725474364151,-1,1.43579656086384,-7.67346045934666,0,,,,,30,1
CEE,"The Central and Eastern Europe Fund, Inc. (The)",1,43,20251211,2.92467386730256,1,0.636911619070717,21.1706409798003,0,,,,,30,1
CEG,Constellation Energy Corporation,1,19,20260116,,-1,1.6650660736723,-11.5664644261439,1,19,20260116,-5.49531066822978,-1,50,1
CELH,"Celsius Holdings, Inc.",0,,,,0,1.22689387856672,-8.51217619391816,1,65,20251110,6.56310211946049,1,50,1
CFNAI,Chicago Fed National Activity Index,0,,,,0,,-50.4950495049505,1,1,20251001,75,1,50,1
CFR,Compagnie Financiere Richemont SA,1,60,20251114,2.05970149253731,1,0.122362939326983,2.7267601422771,1,60,20251114,6.5015479876161,1,50,1
CHG,Chemring Group PLC,0,,,,0,0.19036785811942,-0.0973386196908992,0,,,,,0,0
CHL,China Life Insurance Co. Ltd. Class H,0,,,,0,2.57568465201651,36.7215899959439,1,9,20260202,-5.72944297082229,-1,20,1
CHWY,"Chewy, Inc.",0,,,,0,1.04427077765513,-34.3412924982962,1,44,20251210,6.77382319173364,1,20,1
CI,The Cigna Group,1,72,20251030,7.20642908107703,-1,0.630576061836098,-0.633536215622157,1,72,20251030,-11.40679326023,-1,80,1
CIBR,First Trust NASDAQ Cybersecurity ETF,0,,,,0,1.23406554246223,-8.65052092303574,0,,,,,0,0
CIEN,Ciena Corporation,0,,,,0,0.882182554901921,103.918034907008,1,18,20260120,-5.86229562073781,-1,20,1
CL,Colgate-Palmolive Company,1,10,20260130,,1,0.802333337100848,14.506947617543,0,,,,,30,1
CL1!,Crude Oil Futures,1,12,20260128,-1.50557061126167,1,0.0918846845560737,1.05574761587892,0,,,,,30,1
CLFD,"Clearfield, Inc.",0,,,,0,0.632152949354937,-5.91798339746057,1,6,20260205,5.02133245815557,1,50,1
CLSK,"CleanSpark, Inc.",0,,,,0,0.902054706230486,-18.8635961136898,1,5,20260206,7.4410163339383,1,20,1
CMCSA,Comcast Corporation,1,72,20251030,13.1043257005231,-1,0.759228569252203,5.74156783503816,1,72,20251030,-8.55240096429619,-1,50,1
CMG,"Chipotle Mexican Grill, Inc.",1,72,20251030,15.065274151436,-1,0.983413406806722,-14.9895346965061,1,72,20251030,-21.3531187122736,-1,80,1
CMN1,Chemring Group PLC,0,,,,0,0,-4.54901448897003,0,,,,,0,0
CMS,CMS Energy Corporation,0,,,,0,1.57012371491508,6.87010143886094,0,,,,,0,0
CNC,Centene Corporation,0,,,,0,0.67226240056195,0.90749607423081,1,5,20260206,-6.71342685370741,-1,50,1
CNNE,"Cannae Holdings, Inc.",0,,,,0,0.936434183109898,-26.2426776849413,1,64,20251111,5.16241299303945,1,20,1
CNO,"CNO Financial Group, Inc.",0,,,,0,0.883409919649602,8.80118453310057,0,,,,,0,0
CNP,"CenterPoint Energy, Inc (Holding Co)",0,,,,0,1.32303178863174,11.0844053379035,0,,,,,0,0
CNYA,iShares MSCI China A ETF,0,,,,0,0.234756845721022,9.82345197897489,0,,,,,0,0
COHU,"Cohu, Inc.",0,,,,0,4.92343285522174,39.920894396305,1,98,20250924,-15.496049165935,-1,50,1
COIN,"Coinbase Global, Inc. - 3",1,6,20260205,11.1300328427199,-1,3.13461350697039,-43.2659962303927,1,5,20260206,5.77265261428963,1,50,1
CON,Continental AG,0,,,,0,0.0898485315302563,21.7223284398236,1,81,20251017,6.1493411420205,1,20,1
COP,ConocoPhillips,1,28,20260105,,1,0.864261691054499,19.4597883215004,0,,,,,30,1
COR,"Cencora, Inc.",0,,,,0,0.69834977391649,13.8310229365583,0,,,,,0,0
COST,Costco Wholesale Corporation,1,96,20250926,,-1,0.969234118373692,6.99210834978454,0,,,,,30,1
COTY,Coty Inc.,1,5,20260206,9.52380952380952,-1,1.10754536760775,-39.0791485643552,1,5,20260206,-15.5555555555555,-1,80,1
CPIAUCSL,Consumer Price Index for All Urban Consumers: All Items in U.S. City Average,0,,,,0,,27.23964765604,0,,,,,0,0
CPRI,Capri Holdings Limited,1,8,20260203,-23.7977805178792,-1,0.791201665311002,-2.51726952876987,0,,,,,30,1
CPRT,"Copart, Inc.",0,,,,0,1.08185284729653,-18.1549608867382,0,,,,,0,0
CQQQ,Invesco China Technology ETF,0,,,,0,0.908215488718726,4.79884476818972,0,,,,,0,0
CRM,"Salesforce, Inc.",0,,,,0,1.49014140965629,-24.4491231228014,1,82,20251016,7.02088088595823,1,20,1
CROX,"Crocs, Inc.",1,1,20260212,,1,1.66779861281699,6.62144133193171,1,1,20260212,16.6445062250695,1,80,1
CRWD,"CrowdStrike Holdings, Inc.",1,6,20260205,,-1,1.31049486413771,-8.94707230685208,0,,,,,30,1
CSCO,"Cisco Systems, Inc.",1,62,20251113,,1,1.93563014401281,8.8392790123596,1,1,20260212,-6.93242927285481,-1,50,1
CSF,Thales SA,0,,,,0,0.15631844696009,0.279323348864899,0,,,,,0,0
CVS,CVS Health Corporation,0,,,,0,0.799456466379509,8.14542583294937,1,13,20260127,-10.1108858948373,-1,50,1
CVX,Chevron Corporation,1,28,20260105,,1,0.853179822268207,19.8082311919369,1,28,20260105,6.31815266196279,1,50,1
CYD,China Yuchai International Limited,0,,,,0,0.729276504395729,67.3335872001198,1,27,20260106,5.25328330206379,1,50,1
DAC,Danaos Corporation,0,,,,0,1.19501870309511,17.3834517035811,0,,,,,0,0
DASH,"DoorDash, Inc.",1,67,20251106,,-1,1.458375756867,-30.3096361901355,1,67,20251106,-11.2352941176471,-1,80,1
DAU0,Dassault Aviation SA,1,27,20260107,-8.24804334738109,1,0.206268958543984,13.4063210080561,0,,,,,30,1
DAU0,Dassault Aviation SA,0,,,,0,1.06245309425772,15.4254423783138,0,,,,,0,0
DAVE,Dave Inc.,0,,,,0,0.845447509354606,-14.4072206354496,1,5,20260206,12.7052334530529,1,50,1
DAX,DAX Index,0,,,,0,0.232133765566557,3.51753056342651,0,,,,,0,0
DAX,Global X DAX Germany ETF,0,,,,0,1.21019907975569,5.19587168126351,0,,,,,0,0
DAX3,Leverage Shares 3x Long Germany 40 ETP,0,,,,0,0.181430509788719,5.25714565467496,1,6,20260206,7.86749482401657,1,20,1
DBK,Deutsche Bank Aktiengesellschaft,0,,,,0,0.30525971340256,2.78465378204876,0,,,,,0,0
DDOG,"Datadog, Inc.",1,67,20251106,14.3387860267242,1,1.21675641992814,-9.59059958871666,1,3,20260210,8.91588457152881,1,80,1
DE,Deere & Company,0,,,,0,1.00661186577154,22.0657809278392,0,,,,,0,0
DE10Y,Germany 10 Year Government Bonds Yield,0,,,,0,,2.22108874220481,0,,,,,0,0
DECK,Deckers Outdoor Corporation,1,10,20260130,-10.5598441130181,1,0.606952695335173,10.7668689049748,1,10,20260130,15.015015015015,1,80,1
DELL,Dell Technologies Inc.,0,,,,0,1.46860858064079,-7.935066364877,1,1,20260212,-5.36404639175258,-1,20,1
DEO,Diageo plc,1,67,20251106,3.58011049723756,-1,0.692358345932576,-0.510489436826363,1,65,20251110,6.68502202643173,1,50,1
DG,Dollar General Corporation,1,48,20251204,6.22297583721916,1,0.809785993327554,34.5204430150626,1,48,20251204,5.33260533260533,1,50,1
DHL,Deutsche Post AG,1,67,20251106,4.00960384153662,1,0.123331121381169,18.4987128298935,0,,,,,30,1
DHR,Danaher Corporation,1,97,20250925,-6.11695906432749,-1,1.41674770496888,1.55402790848771,1,79,20251021,7.25082777484525,1,50,1
DIO,Christian Dior SE,0,,,,0,0.601415094339623,-1.02574223255381,0,,,,,0,0
DIS,Walt Disney Company (The),1,62,20251113,,-1,1.09456856988517,-6.6426065171783,1,9,20260202,-7.79255319148935,-1,50,1
DJI,Dow Jones Industrial Average Index,0,,,,0,,8.03828618974129,0,,,,,0,0
DLR,"Digital Realty Trust, Inc.",0,,,,0,1.12820760256175,7.89212695106223,0,,,,,0,0
DLTR,"Dollar Tree, Inc.",0,,,,0,0.884825434851394,17.9374419802938,1,83,20251015,5.1056706423938,1,20,1
DNUT,"Krispy Kreme, Inc.",0,,,,0,0.82037367779148,-16.8797503574875,1,67,20251106,12.2015915119364,1,50,1
DOCN,"DigitalOcean Holdings, Inc.",0,,,,0,1.69478483835679,75.3801382508044,1,13,20260127,7.04105870376655,1,50,1
DOW,Dow Inc.,1,7,20260204,,1,0.813735602063277,26.414453813882,1,77,20251023,8.11059907834102,1,50,1
DPZ,Domino's Pizza Inc,1,18,20260120,,-1,1.50126587911282,-14.2433857213753,0,,,,,30,1
DQ,DAQO New Energy Corp.,0,,,,0,0.540265423999036,3.33770829526006,1,7,20260204,7.3170731707317,1,20,1
DR0,Deutsche Rohstoff AG,1,15,20260126,2.5691699604743,1,0.098923705315882,36.8669616451546,0,,,,,30,1
DRI,"Darden Restaurants, Inc.",0,,,,0,0.596846134137455,6.04512357892023,0,,,,,0,0
DRS,"Leonardo DRS, Inc.",0,,,,0,0.964391529725012,-6.38045553900284,0,,,,,0,0
DSY,Dassault Systemes SE,1,3,20260211,18.7099725526075,-1,0.992134141726489,-39.8777447116545,1,3,20260211,-19.2959001782531,-1,80,1
DSYA,Dassault Systemes SE,1,2,20260211,,-1,3.11920309115577,-40.4548577226781,0,,,,,30,1
DTE,DTE Energy Company,0,,,,0,1.25710613620619,6.72553482423119,0,,,,,0,0
DTG,Daimler Truck Holding AG,0,,,,0,0.0823582812036843,11.7845484362993,1,29,20260106,5.24927459773148,1,20,1
DUK,Duke Energy Corporation (Holding Company),1,1,20260212,-1.36096988658584,1,1.45017768189079,6.38814328209077,0,,,,,30,1
DXCM,"DexCom, Inc.",1,71,20251031,7.87245826410317,-1,2.03353839660887,-5.61720511273837,1,71,20251031,-13.2111436950147,-1,80,1
DXY,U.S. Dollar Currency Index,0,,,,0,,-1.52117023247792,0,,,,,0,0
EA,Electronic Arts Inc.,1,95,20250929,2.39193229615365,1,0.892980020068596,11.7145937698593,1,95,20250929,5.2469614688389,1,50,1
EAT,"Brinker International, Inc.",1,73,20251029,,-1,0.636455270958774,7.48164180593452,1,12,20260128,6.72960773094285,1,50,1
ECNS,iShares MSCI China Small-Cap ETF,0,,,,0,0.873883028944805,4.40746568147899,0,,,,,0,0
EL,"Estee Lauder Companies, Inc. (The)",0,,,,0,0.897994275701844,19.5471257994934,1,6,20260205,-12.4278906445949,-1,50,1
ELF,"e.l.f. Beauty, Inc.",1,67,20251106,-54.9392712550608,-1,1.44526504791016,-21.9236068956112,1,6,20260205,8.70849580527001,1,80,1
EME,"EMCOR Group, Inc.",0,,,,0,0.834684795610049,32.0630225680638,1,72,20251030,-14.4144144144144,-1,50,1
ENEL,Enel SpA,0,,,,0,0.804404245439372,8.787325136581,0,,,,,0,0
ENGIY,ENGIE SA,0,,,,0,0.635410412010926,30.9112707807393,0,,,,,0,0
ENI,Eni S.p.A.,0,,,,0,0.370526791860515,20.2653603800522,0,,,,,0,0
ENOV,Enovis Corporation,0,,,,0,0.979538429769539,-26.6205334420934,0,,,,,0,0
EOAN,E.ON SE,0,,,,0,0.170179570528521,16.6750737051855,0,,,,,0,0
EQNR,Equinor ASA,0,,,,0,0.791878765397675,14.3740969127134,0,,,,,0,0
ES,Eversource Energy (D/B/A),0,,,,0,1.58028633851606,9.32553032792448,1,58,20251119,-5.54064931580361,-1,20,1
ESAB,ESAB Corporation,0,,,,0,0.822391030939551,13.2566192369921,0,,,,,0,0
ESL,EssilorLuxottica SA,1,80,20251017,2.71596858638742,1,1.78895547945205,-4.18731435597733,0,,,,,30,1
ESL,EssilorLuxottica SA,1,77,20251017,3.02631578947368,1,0.772691096577736,-5.50409871797962,0,,,,,30,1
ESLT,Elbit Systems Ltd.,1,23,20260112,4.155832837035,1,0.489240176880771,35.0458210073384,1,60,20251117,9.18546392406402,1,50,1
ESTC,Elastic N.V.,1,56,20251121,,-1,1.06024375906378,-24.514815821729,1,56,20251121,-11.598440545809,-1,80,1
ET,Energy Transfer LP,1,0,20260213,,1,1.78093250545973,8.37680447379451,0,,,,,30,1
ETN,"Eaton Corporation, PLC",1,39,20251217,-36.2173819279707,-1,0.725693813603372,11.1624046320096,1,69,20251104,-6.71029826422123,-1,50,1
ETR,Entergy Corporation,1,0,20260213,,1,2.29594169068674,16.4680269937127,0,,,,,30,1
EU10,Euro 10 Year Government Bonds,0,,,,0,,1.97585777763806,0,,,,,0,0
EUIRYY,Euro Area Inflation Rate YoY,0,,,,0,,-18.6602870813397,1,5,20250831,5,1,50,1
EURUSD,Euro/US Dollar,0,,,,0,0.246729106630946,1.96197181603492,0,,,,,0,0
EVAL,SPDR MSCI Europe Value UCITS ETF,0,,,,0,0.00078327959165024,15.5345602368712,0,,,,,0,0
EVER,"EverQuote, Inc.",1,7,20260204,2.25806451612904,-1,1.60269994352784,-38.6504993016577,1,69,20251104,6.33645693886657,1,50,1
EVK,Evonik Industries AG,0,,,,0,0.175623444335982,-1.34780568163565,0,,,,,0,0
EVRG,"Evergy, Inc.",0,,,,0,1.09648174703292,13.9103491526463,0,,,,,0,0
EWCZ,"European Wax Center, Inc.",1,3,20260210,,1,2.56740956438007,31.264367816092,1,3,20260210,43.375,1,80,1
EXHI,"Exlites Holdings International, Inc.",0,,,,0,0.121072704158847,-87.455295691727,1,1,20251223,251.764705882353,1,50,1
EXP,Eagle Materials Inc,1,72,20251030,-6.46297306681215,-1,0.939119746782737,6.1029384886367,0,,,,,30,1
EZJ,easyJet plc,0,,,,0,0.292704760599808,-1.84588485075559,1,86,20251014,9.87068965517242,1,20,1
F,Ford Motor Company,0,,,,0,1.46703655906831,16.9317021968171,0,,,,,0,0
FANG,"Diamondback Energy, Inc.",0,,,,0,0.748076812032143,16.0560697516603,0,,,,,0,0
FASHION,SET Fashion Sector Index,0,,,,0,,-4.43877188361479,0,,,,,0,0
FCX,"Freeport-McMoRan, Inc.",1,11,20260129,0.711303541054575,1,0.743640003477928,39.2465088657747,1,8,20260203,5.48057932850561,1,50,1
FE,FirstEnergy Corp.,1,96,20250926,,1,1.31209667354112,13.7748144346403,0,,,,,30,1
FICO,Fair Isaac Corporation,1,8,20260203,-2.15923076923076,-1,0.741461809648469,-18.6798750439486,1,92,20251002,18.0331986963793,1,80,1
FIVE,"Five Below, Inc.",0,,,,0,0.643501249774548,37.0338848271222,1,85,20251013,5.49498158711819,1,20,1
FMNB,Leonardo SpA,1,54,20251124,,-1,0.18182978711595,7.37763920317836,0,,,,,30,1
FMS,Fresenius Medical Care AG,0,,,,0,0.99594723450499,-4.27698574338081,1,69,20251104,-9.10815939278938,-1,20,1
FRCOY,Fast Retailing Co. Ltd.,0,,,,0,1.09369380638907,32.1658729560258,1,7,20260204,-6.93556320708311,-1,20,1
FRPT,"Freshpet, Inc.",0,,,,0,0.882808878184349,5.02196357884204,1,70,20251103,8.25035561877668,1,20,1
FTAG,First Trust Indxx Global Agriculture ETF,1,14,20260126,0.47736916548797,1,0.502609127805848,15.5282533840276,0,,,,,30,1
FTNT,"Fortinet, Inc.",0,,,,0,1.25984996872665,-3.66416219009771,1,15,20260123,7.57536717340891,1,50,1
FUTU,Futu Holdings Limited,0,,,,0,0.996715189964621,-6.01503458377042,1,85,20251013,6.59443725743855,1,20,1
FVRR,Fiverr International Ltd.,0,,,,0,1.23400544125726,-39.4607191256001,0,,,,,0,0
FWRG,"First Watch Restaurant Group, Inc.",0,,,,0,1.08892273034611,-8.53381853454757,1,69,20251104,10.5993690851735,1,50,1
FXI,iShares China Large-Cap ETF,0,,,,0,1.15375951139964,-0.534823191760433,0,,,,,0,0
G1A,GEA Group Aktiengesellschaft,0,,,,0,0.0955768585944802,6.70788406779374,0,,,,,0,0
GAP,"Gap, Inc. (The)",0,,,,0,0.500075705769819,16.5575300081932,1,56,20251121,5.59410234171727,1,20,1
GBF,Bilfinger SE,0,,,,0,0.143488895385523,26.6796836148729,0,,,,,0,0
GBF,Bilfinger SE,0,,,,0,1.64905021158498,25.8841393852133,0,,,,,0,0
GCT,GigaCloud Technology Inc,0,,,,0,0.8970959656065,23.1430668670697,1,66,20251107,9.15161036920659,1,20,1
GD,General Dynamics Corporation,0,,,,0,1.14749743569754,8.03164503071219,0,,,,,0,0
GDDY,GoDaddy Inc.,0,,,,0,1.03477088774739,-38.3137974080305,0,,,,,0,0
GE,GE Aerospace,0,,,,0,0.829192526041376,12.6106746822169,0,,,,,0,0
GEHC,GE HealthCare Technologies Inc.,0,,,,0,1.57635002908309,5.55767602307458,0,,,,,0,0
GEV,GE Vernova Inc.,1,44,20251210,,1,0.608253400706856,35.5978447832114,1,38,20251218,5.71647210146696,1,80,1
GIL,"Gildan Activewear, Inc.",0,,,,0,0.803016360668559,29.1610758558834,0,,,,,0,0
GILD,"Gilead Sciences, Inc.",0,,,,0,0.921087025137817,31.3995047719014,0,,,,,0,0
GIS,"General Mills, Inc.",0,,,,0,0.76965586451607,-2.2027643802804,0,,,,,0,0
GLE,Societe Generale S.A. Class A,0,,,,0,0.322169912095075,19.5738846998587,0,,,,,0,0
GLUX,Amundi Global Luxury -UCITS ETF EUR C- Capitalisation,0,,,,0,0.408750550579944,4.45074057029135,0,,,,,0,0
GM,General Motors Company,1,79,20251021,,1,0.697910676185992,28.8644023214028,1,13,20260127,5.28767468211002,1,50,1
GNFC,Gujarat Narmada Valley Fertilizers & Chemicals Ltd.,0,,,,0,0.641706916082383,-9.46744601476204,0,,,,,0,0
GNRC,Generac Holdings Inc.,1,2,20260211,7.17347956131606,1,2.50462548638402,40.4823153137929,1,2,20260211,5.32089961601755,1,80,1
GOLD,GOLD (US$/OZ),0,,,,0,0,29.4205856437566,0,,,,,0,0
GOOGL,Alphabet Inc.,0,,,,0,1.00490804380497,25.8862054092114,1,6,20260205,-6.25150132116262,-1,20,1
GOOS,"Canada Goose Holdings, Inc.",1,6,20260205,,-1,0.887590438697076,-3.75383124915297,1,6,20260205,-17.1270718232044,-1,80,1
GPK,Graphic Packaging Holding Company,1,8,20260203,10.8399138549892,-1,1.03072818163867,-34.8481232115364,1,8,20260203,-6.02165087956698,-1,50,1
GS,"Goldman Sachs Group, Inc. (The)",0,,,,0,1.14104314155293,18.0161002520134,0,,,,,0,0
GSK,GSK plc,1,6,20260205,2.6900381811871,1,1.28949036390518,35.4865260684535,1,7,20260204,6.03674540682414,1,50,1
GTLB,GitLab Inc.,1,49,20251203,,-1,0.787595323373306,-31.9942764726088,1,49,20251203,-10.5602951348859,-1,80,1
GTLS,"Chart Industries, Inc.",0,,,,0,2.10581493048674,9.1493980075761,0,,,,,0,0
GVA,Granite Construction Incorporated,0,,,,0,1.30772186416595,25.6726119516161,0,,,,,0,0
H,Hyatt Hotels Corporation,0,,,,0,1.17824509999519,12.5031248033712,0,,,,,0,0
H5P,Hikma Pharmaceuticals Plc,1,66,20251106,3.27868852459017,-1,0.0735795067447881,-12.5210285988944,0,,,,,30,1
HAG,HENSOLDT AG,0,,,,0,0.240108322841538,-8.25067247125432,0,,,,,0,0
HD,"Home Depot, Inc. (The)",1,59,20251118,,-1,0.61583956941126,3.95390353487134,1,59,20251118,-5.04147697120352,-1,50,1
HDSN,"Hudson Technologies, Inc.",1,67,20251106,,-1,0.791866751486233,-9.44799990210589,1,51,20251201,5.58823529411765,1,80,1
HEI,Heidelberg Materials AG,1,1,20260212,,-1,5.87114831683672,-6.95909501950261,0,,,,,30,1
HELE,Helen of Troy Limited,1,87,20251009,1.0492317101139,-1,0.649389946925673,-23.0810319961541,1,25,20260108,-8.44402277039847,-1,80,1
HEN3,Henkel AG & Co. KGaA Pref,0,,,,0,0.120966994265672,17.3760731647962,0,,,,,0,0
HG1!,Copper Futures,1,12,20260128,17.5127865125971,1,0.10321656652341,13.2412601239035,0,,,,,30,1
HHH,Howard Hughes Holdings Inc.,1,65,20251110,,1,0.690159429575201,6.79836948855736,0,,,,,30,1
HIMS,"Hims & Hers Health, Inc.",1,4,20260209,8.4753787878788,-1,1.27243945942663,-64.1602279673352,1,4,20260209,-22.5456125108601,-1,80,1
HLIO,"Helios Technologies, Inc.",0,,,,0,0.785272426813672,55.5318665571537,1,69,20251104,-6.3626723223754,-1,20,1
HLT,Hilton Worldwide Holdings Inc.,1,2,20260211,0.0154731285896944,1,1.29781081941699,15.9423921603456,0,,,,,30,1
HMC,"Honda Motor Company, Ltd.",0,,,,0,0.712079860359019,2.54408056389558,0,,,,,0,0
HMI,Hermes International S.A.,1,8,20260203,0.722471350274041,-1,0.466455513964872,-4.47964185532542,0,,,,,30,1
HNR1,Hannover Rueck SE,0,,,,0,0.696570677500299,-4.76374081856913,0,,,,,0,0
HO,Thales SA,0,,,,0,0.244565739553747,2.05536656413596,0,,,,,0,0
HOOD,"Robinhood Markets, Inc.",1,7,20260204,5.07476745555163,-1,1.53205869220077,-28.2006111028678,1,2,20260211,-9.02453271028037,-1,50,1
HPE,Hewlett Packard Enterprise Company,0,,,,0,0.7772696557657,4.64877629190971,1,47,20251205,-8.73362445414847,-1,20,1
HPQ,HP Inc.,0,,,,0,1.25942542986153,-23.4754692392047,0,,,,,0,0
HRPK,7C Solarparken AG,1,78,20251022,1.99750312109863,-1,0.0305898489882623,-8.1847552262959,0,,,,,30,1
HSBC,"HSBC Holdings, plc.",0,,,,0,3.33446581991142,23.7483468732288,0,,,,,0,0
HUBS,"HubSpot, Inc.",1,2,20260211,2.63720930232558,-1,3.09235846172077,-47.653796355558,1,1,20260212,8.75173171547317,1,80,1
HUM,Humana Inc.,1,13,20260127,,-1,1.41659409278839,-27.3676575398862,1,2,20260211,-5.70325427468285,-1,80,1
HWM,Howmet Aerospace Inc.,1,1,20260212,4.7902397260274,1,1.35286685410551,31.7644407160075,0,,,,,30,1
IBE,Iberdrola SA,1,28,20260107,,1,0.200133890550114,18.6789208910676,0,,,,,30,1
IBEX35,IBEX 35,0,,,,0,,14.6973169621349,0,,,,,0,0
IBM,International Business Machines Corporation,1,1,20260212,,-1,1.5002503187067,-6.33326764738641,1,11,20260129,8.05683981506663,1,50,1
IDXX,"IDEXX Laboratories, Inc.",1,70,20251103,8.62783988460153,1,0.986688706591326,1.30423467717107,1,70,20251103,10.0856221505616,1,80,1
IFX,Infineon Technologies AG,0,,,,0,0.112855517978021,20.591811211248,1,13,20260128,6.80529300567108,1,20,1
IIPR,"Innovative Industrial Properties, Inc.",0,,,,0,0.58105247134649,-13.4718637553927,1,42,20251212,6.1984264056803,1,20,1
IND20000,IGBM Index,0,,,,0,0,14.2004205047198,0,,,,,0,0
ING,"ING Group, N.V.",1,8,20260203,0.700439811044143,1,3.91651294015457,14.341817388441,1,72,20251030,5.62681009515929,1,50,1
INSURANCE,Insurance stocks: Covering all bases,0,,,,0,,0.00616252561393426,0,,,,,0,0
INTC,Intel Corporation,0,,,,0,0.668117308004566,49.7900730062538,1,12,20260128,6.07785112679263,1,50,1
INTU,Intuit Inc.,1,8,20260203,10.79487074103,-1,1.77790881744095,-40.5752719854848,1,56,20251121,5.04518072289156,1,50,1
IRM,Iron Mountain Incorporated (Delaware),1,58,20251119,,-1,1.7921772319824,14.9658101541094,0,,,,,30,1
ISRG,"Intuitive Surgical, Inc.",1,78,20251022,,1,1.03376526306649,-5.83960541166443,1,78,20251022,17.3445131175174,1,80,1
JACK,Jack In The Box Inc.,0,,,,0,0.684573606641376,4.47206455799074,0,,,,,0,0
JAZZ,Jazz Pharmaceuticals plc,1,60,20251117,40.9546697605039,1,0.439140039171387,22.928864648712,1,60,20251117,19.0898135677323,1,80,1
JD,"JD.com, Inc.",0,,,,0,0.952445131561845,-14.6097146394471,0,,,,,0,0
JNJ,Johnson & Johnson,0,,,,0,1.45462143710827,32.4308776911496,0,,,,,0,0
JP10,Japan 10 Year LSEG Government Bonds,0,,,,0,,-0.0955230817048709,0,,,,,0,0
JPM,JP Morgan Chase & Co.,0,,,,0,0.864980923244728,1.87290584761593,0,,,,,0,0
JXN,Jackson Financial Inc.,0,,,,0,1.22170445626163,17.7644824183734,0,,,,,0,0
KBR,"KBR, Inc.",0,,,,0,0.707968877011863,-11.6308179498563,1,98,20250924,9.00919732441471,1,20,1
KER,Kering SA,0,,,,0,0.157391155333034,11.3464744064306,1,4,20260210,14.3627262225645,1,50,1
KHC,The Kraft Heinz Company,1,73,20251029,10.1694915254237,-1,0.926366685546138,-4.19726093015573,1,17,20260121,-6.43939393939394,-1,50,1
KIE,State Street SPDR S&P Insurance ETF,0,,,,0,1.28272101929116,-1.870942781963,0,,,,,0,0
KKR,KKR & Co. Inc.,1,8,20260203,12.3631735256682,-1,0.804812706952472,-21.032530902339,1,66,20251107,-5.88383203419663,-1,50,1
KO,Coca-Cola Company (The),0,,,,0,0.917913873187603,11.9932246091874,0,,,,,0,0
KOG,Kongsberg Gruppen ASA,1,6,20260206,9.29685201529862,1,0.22258354453356,18.8182997597993,1,6,20260206,10.748172344066,1,80,1
KR,Kroger Company (The),0,,,,0,0.929900860325329,5.90484542537521,1,4,20260209,5.55555555555556,1,20,1
KRUS,"Kura Sushi USA, Inc.",1,66,20251107,26.4545454545455,-1,0.856936758140152,-0.548715658639927,0,,,,,30,1
KTOS,"Kratos Defense & Security Solutions, Inc.",1,25,20260108,150.887414152327,1,0.580078221033165,26.4646347030829,1,25,20260108,8.84733158355206,1,50,1
LDO,Leonardo SpA,1,27,20260108,4.16518333926665,1,0.263426666514407,10.1383284959086,0,,,,,30,1
LEVI,Levi Strauss & Co,0,,,,0,1.06767339539686,6.74032772349812,1,11,20260129,-6.39960918417195,-1,20,1
LHA,Deutsche Lufthansa AG,0,,,,0,0.15192805982992,18.7458633878578,0,,,,,0,0
LI,Li Auto Inc.,0,,,,0,0.575671849672678,-19.9297324846289,0,,,,,0,0
LIN,Linde plc,1,70,20251103,0.552512847733255,-1,1.56066528348279,6.20360423237934,0,,,,,30,1
LITE,Lumentum Holdings Inc.,1,7,20260204,0.331896551724142,1,1.04469217149037,180.267672211732,1,3,20260210,-5.01256172572121,-1,80,1
LLY,Eli Lilly and Company,0,,,,0,0.814836851499691,20.4220096696558,1,7,20260204,7.14129113268091,1,20,1
LMND,"Lemonade, Inc.",1,68,20251105,24.0233144297417,1,0.997445398692862,12.582746376287,1,68,20251105,15.4108421411524,1,80,1
LMT,Lockheed Martin Corporation,0,,,,0,0.8860618980526,34.4790436239813,1,25,20260108,7.04812123895586,1,20,1
LNC,Lincoln National Corporation,0,,,,0,1.47413688744716,4.95022052896141,1,1,20260212,7.37662337662339,1,20,1
LNT,Alliant Energy Corporation,0,,,,0,1.27492959641077,9.63211871499881,0,,,,,0,0
LO3,Lonza Group AG,0,,,,0,6.3653483992467,-2.44428456614672,0,,,,,0,0
LOGI,Logitech International S.A. - Registered Shares,1,12,20260128,,-1,1.47021993300437,-10.4435528197485,1,25,20260108,-5.09528585757272,-1,50,1
LOR,L'Oreal S.A.,0,,,,0,0.423952894122875,1.92780246710415,0,,,,,0,0
LOVE,The Lovesac Company,0,,,,0,0.412422285361981,-20.0473837710583,1,43,20251211,-14.5560407569141,-1,50,1
LOW,"Lowe's Companies, Inc.",1,59,20251118,,-1,0.730562854015561,18.1859875848989,0,,,,,30,1
LRCX,Lam Research Corporation,1,37,20251219,,1,0.825737019531055,74.7788086723771,1,20,20260115,9.2700799846736,1,50,1
LRLCF,L'Oreal Co.,0,,,,0,5.96927167695001,2.06913566706608,1,11,20260129,8.39508928571429,1,20,1
LULU,lululemon athletica inc.,0,,,,0,0.500950155969325,-15.8977935565421,1,38,20251218,7.7043344397941,1,20,1
LUMN,"Lumen Technologies, Inc.",1,73,20251029,,1,1.10939634432367,34.1219726640556,1,5,20260206,5.9390048154093,1,80,1
LYB,LyondellBasell Industries NV,0,,,,0,0.627965254848555,9.90625250393948,1,71,20251031,6.34955752212389,1,20,1
LYFT,"Lyft, Inc.",1,2,20260211,,-1,1.57724777049158,-25.6766879919124,1,2,20260211,-15.6379821958457,-1,80,1
LYTS,LSI Industries Inc.,0,,,,0,0.938016834659082,14.8978799092266,1,16,20260122,11.6290480863592,1,50,1
M,Macy's Inc,0,,,,0,0.974143904077509,28.9476429646632,1,49,20251203,-5.81241743725231,-1,20,1
MA,Mastercard Incorporated,0,,,,0,1.14709309648325,-8.10682979908519,0,,,,,0,0
MAR,Marriott International,1,3,20260210,,1,0.997913088800443,25.8012770665683,1,3,20260210,5.64596479574893,1,50,1
MAT1,Panasonic Holdings Corporation,1,40,20251211,3.73443983402489,1,0.0391392401222722,30.1864055543511,1,5,20260209,5.0880626223092,1,50,1
MBG,Mercedes-Benz Group AG,1,73,20251029,,1,0.195819854710645,5.80418451525405,0,,,,,30,1
MBLY,Mobileye Global Inc.,0,,,,0,0.807068336969628,-32.7293123420484,1,16,20260122,-5.46875000000001,-1,50,1
MC,LVMH Moet Hennessy Louis Vuitton SE,0,,,,0,0.217145652177794,-3.78230144109052,1,13,20260128,-5.65077210249448,-1,50,1
MCD,McDonald's Corporation,0,,,,0,1.07540865331201,6.7395337713093,0,,,,,0,0
MCHA,Cie Generale des Etablissements Michelin SA,1,80,20251014,,-1,1.14212556011803,11.3060624831759,0,,,,,30,1
MCHI,iShares MSCI China ETF,0,,,,0,1.51059898299141,0.469342491831026,0,,,,,0,0
MCHS,Matthews China Discovery Active ETF,0,,,,0,2.51395954833106,21.4219008721044,0,,,,,0,0
MCK,McKesson Corporation,1,6,20260205,29.8025450947973,1,1.15815594702863,22.2366555266432,0,,,,,30,1
MCO,Moody's Corporation,1,3,20260210,5.36254800090355,-1,2.26881767473475,-13.4842901680589,1,3,20260210,-7.3820277215387,-1,50,1
MDT,Medtronic plc.,1,59,20251118,,1,1.33776667062478,6.525760143048,0,,,,,30,1
MDY,State Street SPDR S&P MIDCAP 400 ETF Trust,1,5,20260206,3.01505957808031,1,0.936065519736307,10.1667824784258,0,,,,,30,1
MELI,"MercadoLibre, Inc.",1,57,20251120,4.56155333952927,-1,0.78828197718955,-12.6718723763536,1,75,20251027,6.42678993665292,1,50,1
MESGG,MIB ESG GR,0,,,,0,,7.34443789378151,0,,,,,0,0
MESGN,MIB ESG NR,0,,,,0,,7.06272087142364,0,,,,,0,0
MESGP,MIB ESG,0,,,,0,,6.24926063756595,0,,,,,0,0
MET,"MetLife, Inc.",0,,,,0,0.86228373464145,-1.80930734982284,0,,,,,0,0
META,"Meta Platforms, Inc.",1,11,20260129,-2.74581607181669,1,0.729932674873214,-7.1259463811552,1,11,20260129,10.2732044322821,1,80,1
MFC,Manulife Financial Corporation,0,,,,0,0.588806703714249,9.88769815229773,0,,,,,0,0
MFC,Manulife Financial Corporation,0,,,,0,2.10377334981575,11.5797778721855,0,,,,,0,0
MKSI,MKS Inc.,1,12,20260128,1.26120715542019,1,1.38360894299655,96.7021052081661,1,20,20260115,7.72464529689963,1,50,1
MLI,"Mueller Industries, Inc.",1,37,20251219,,1,0.876763634242818,20.9428806597693,1,8,20260203,-10.9067394740624,-1,80,1
MLM,"Martin Marietta Materials, Inc.",0,,,,0,1.30812477855153,12.5500258719493,0,,,,,0,0
MLR,"Miller Industries, Inc.",0,,,,0,0.533760586791783,7.03122647475072,0,,,,,0,0
MNSO,MINISO Group Holding Limited,0,,,,0,0.453401899724408,-4.94254376120696,1,6,20260205,5.658324265506,1,20,1
MOD,Modine Manufacturing Company,0,,,,0,0.875437902476409,62.9045620049375,1,11,20260129,15.7249829816201,1,50,1
MOH,LVMH Moet Hennessy Louis Vuitton SE,1,82,20251015,,1,0.388340080143409,-3.5828637502909,0,,,,,30,1
MONC,Moncler SpA,0,,,,0,0.176591333353632,-2.01707488076728,1,83,20251015,6.9078947368421,1,20,1
MOS,Mosaic Company (The),1,67,20251106,,-1,0.593236119420683,-4.54651546491323,1,86,20251010,-8.49282296650717,-1,50,1
MPC,Marathon Petroleum Corporation,0,,,,0,0.700610938836948,14.8985409592439,1,69,20251104,-8.52443945043159,-1,20,1
MPLX,MPLX LP,0,,,,0,1.45303948050749,9.51570662971807,0,,,,,0,0
MPWR,"Monolithic Power Systems, Inc.",0,,,,0,0.615372504154621,34.1484400521618,1,5,20260206,8.13242329085892,1,20,1
MRK,"Merck & Company, Inc.",1,93,20251001,,1,0.693082426118579,35.2546677955529,0,,,,,30,1
MRNA,"Moderna, Inc.",0,,,,0,1.38694709299689,43.8748428551474,1,2,20260211,-10.453625431599,-1,50,1
MRVL,"Marvell Technology, Inc.",1,49,20251203,-17.7433773978175,1,0.459125076323772,1.21422303824213,1,46,20251208,-8.55323020928116,-1,50,1
MS,Morgan Stanley,1,20,20260115,,1,1.39456983485935,10.4080647237041,0,,,,,30,1
MSCI,MSCI Inc.,0,,,,0,1.50057088228239,-6.85728409820871,0,,,,,0,0
MSFT,Microsoft Corporation,1,11,20260129,,-1,1.09094480573102,-17.6579417091188,1,11,20260129,-8.64564084463177,-1,50,1
MSTR,Strategy Inc,1,6,20260205,11.7156814206027,-1,1.06016924327196,-54.8548183494863,1,4,20260209,-5.60290521010895,-1,50,1
MTW,"Manitowoc Company, Inc. (The)",0,,,,0,1.42028028368434,24.2592238577711,1,3,20260210,-11.0026917900404,-1,50,1
MU,"Micron Technology, Inc.",0,,,,0,1.02821293545791,113.642699892364,1,2,20260211,5.93034159410583,1,50,1
MUV2,Munchener Ruckversicherungs-Gesellschaft AG,0,,,,0,0.364341820563712,-3.51634167035289,0,,,,,0,0
NCH2,thyssenkrupp nucera AG & Co. KGaA,1,54,20251125,,-1,0.18901844477145,-0.742836366338565,1,54,20251125,-5.9618930547019,-1,50,1
NCLH,Norwegian Cruise Line Holdings Ltd.,1,69,20251104,-22.7302416721097,-1,2.29320467630351,-1.31144642563961,1,69,20251104,-8.02524797114518,-1,50,1
NDQ,US 100 Index,0,,,,0,,3.55136724747959,0,,,,,0,0
NDX1,Nordex SE,1,74,20251028,30.7025986525505,1,0.200485080987295,41.2783700866146,1,74,20251028,13.8461538461538,1,80,1
NEE,"NextEra Energy, Inc.",0,,,,0,1.08378998799196,20.9660779135028,0,,,,,0,0
NEM,Newmont Corporation,0,,,,0,0.798908586998248,57.0660364048608,1,8,20260203,5.26362428001773,1,20,1
NET,"Cloudflare, Inc.",1,71,20251031,27.9228321801929,1,1.73097249463072,0.656619335527594,1,2,20260211,12.8180908989888,1,80,1
NFLX,"Netflix, Inc.",0,,,,0,0.891053872907816,-31.1353548843898,1,17,20260121,-5.43777217510888,-1,20,1
NG1!,Henry Hub Natural Gas Futures,1,48,20251204,,1,0.118227197012322,-16.640242986599,1,5,20260208,-5.02630040911748,-1,80,1
NGD,New Gold Inc.,0,,,,0,1.08079054327926,65.4933002147223,1,5,20260206,7.21102863202545,1,50,1
NI,NiSource Inc,0,,,,0,1.62804155217125,11.1296220610039,0,,,,,0,0
NIO,NIO Inc.,0,,,,0,0.665577462435726,-4.74174428450462,1,5,20260206,6.17021276595745,1,20,1
NKE,"Nike, Inc.",1,37,20251219,0.810947795235677,-1,1.12484069871554,-6.03242647852315,1,37,20251219,-9.79734877342678,-1,50,1
NOC,Northrop Grumman Corporation,0,,,,0,0.765363077059373,23.5982778889759,1,25,20260108,7.08306615136653,1,20,1
NOV,Novo Nordisk A/S Class B,0,,,,0,0.439250125834741,-17.1641535323678,1,33,20251223,7.80773453702575,1,20,1
NOV,Novo Nordisk A/S Class B,0,,,,0,0.149208232351652,-18.0237099584706,1,5,20260209,12.7642276422764,1,50,1
NOW,"ServiceNow, Inc.",1,11,20260129,5.69558894813378,-1,1.55454599960469,-39.0534403943017,1,11,20260129,-8.55577842925475,-1,50,1
NPO,Enpro Inc.,0,,,,0,0.696698247454789,27.0241666470591,0,,,,,0,0
NQ1!,E-mini Nasdaq-100 Futures,0,,,,0,0.0679618292109671,3.44437926222101,0,,,,,0,0
NRG,"NRG Energy, Inc.",0,,,,0,1.74118296790262,9.8290814790317,0,,,,,0,0
NSRGY,Nestle S.A.,0,,,,0,0.701435159884742,6.4171108289009,1,82,20251016,8.41111693759833,1,20,1
NTLA,"Intellia Therapeutics, Inc.",1,88,20251008,13.8669148441135,1,0.54314383761043,-1.00310459935259,1,13,20260127,18.3512544802868,1,80,1
NTT,NTT Inc,0,,,,0,0.854905853492884,-5.23303990205643,1,68,20251105,-5.81980973698936,-1,20,1
NTU,Northern Minerals Limited,1,83,20251014,42,1,0.188825083424223,-20.844327176781,1,52,20251128,6.25000000000001,1,80,1
NUE,Nucor Corporation,0,,,,0,1.4536628826336,26.2186683493069,0,,,,,0,0
NUS,"Nu Skin Enterprises, Inc.",1,0,20260213,,-1,3.71747769111224,-14.7695413255578,1,99,20250923,9.03426791277259,1,50,1
NUUU,REJUVEL BIO-SCIENCES INC,0,,,,0,0.0367965524868417,-90.8634079488357,1,20,20250925,-99,-1,50,1
NVDA,NVIDIA Corporation,1,73,20251029,1.91484125030765,1,0.899440004191275,6.48534858064192,1,57,20251120,5.05575809564657,1,50,1
NVI,Novra Technologies Inc.,0,,,,0,6.06811726532743,85.4493580599142,1,1,20260212,11.1111111111111,1,50,1
NVS,Novartis AG,1,7,20260204,0.282004197271778,1,0.99127235217285,28.1657369215548,0,,,,,30,1
NVTS,Navitas Semiconductor Corporation,1,84,20251014,20.7492795389049,1,0.743804542173962,8.56627120639369,1,18,20260120,-5.68285976168654,-1,80,1
NXPI,NXP Semiconductors N.V.,0,,,,0,0.645108403227311,11.810680726369,0,,,,,0,0
NYFANG,NYSE FANG+ Index,0,,,,0,,-7.33177105940609,0,,,,,0,0
OKLO,Oklo Inc.,0,,,,0,0.503923617462702,-20.9306804366928,1,17,20260121,7.18336483931946,1,50,1
OKTA,"Okta, Inc.",0,,,,0,0.82849516683655,-7.42631687549497,1,49,20251203,-7.65848296079151,-1,20,1
OMXS30,OMX Stockholm 30 Index,1,8,20260204,,1,0.272696905471118,16.3075430471505,0,,,,,30,1
ON,ON Semiconductor Corporation,0,,,,0,0.97077031066102,37.6361220007651,0,,,,,0,0
ONON,On Holding AG,0,,,,0,0.628998022871833,-4.502851841309,1,63,20251112,24.6162592382035,1,50,1
ORCL,Oracle Corporation,0,,,,0,0.641506481170101,-27.4080752736646,1,43,20251211,-14.5240123761266,-1,50,1
ORI,Old Republic International Corporation,1,61,20251114,,1,0.705685215570095,5.46892420210787,1,16,20260122,-12.1869202226345,-1,80,1
OXY,Occidental Petroleum Corporation,0,,,,0,0.843159248459283,6.24705958322188,0,,,,,0,0
P3W7,Invesco Golden Dragon China ETF,0,,,,0,,-5.2283276635645,1,81,20251010,-6.52709359605912,-1,20,1
P911,Porsche AG,0,,,,0,0.0961317850304857,-5.33383329591223,1,100,20250922,-6.11403709640486,-1,20,1
PAH3,Porsche Automobil Holding SE Pref,0,,,,0,0.0885237246314327,-0.301346682060586,0,,,,,0,0
PANW,"Palo Alto Networks, Inc.",0,,,,0,1.5363759838238,-13.6119629967361,0,,,,,0,0
PC6,"PetroChina Co., Ltd. Class H",1,69,20251103,,1,0.830607484737174,16.0612845414831,1,12,20260128,5.76344086021505,1,50,1
PCAR,PACCAR Inc.,0,,,,0,0.988513301222574,24.2002166169133,0,,,,,0,0
PDD,PDD Holdings Inc.,0,,,,0,0.739418839014445,-13.8001617321457,1,22,20260113,-5.31794828602713,-1,20,1
PEG,Public Service Enterprise Group Incorporated,0,,,,0,1.18090985188537,5.51037298778084,0,,,,,0,0
PEP,"PepsiCo, Inc.",1,8,20260203,,1,1.08084717684469,16.0776133508144,0,,,,,30,1
PFE,"Pfizer, Inc.",0,,,,0,0.734461316092648,11.0317132821385,0,,,,,0,0
PG,Procter & Gamble Company (The),1,46,20251208,,-1,1.25270395039871,4.16690392234889,0,,,,,30,1
PGJ,Invesco Golden Dragon China ETF,0,,,,0,1.55935012942525,-3.27102339356459,0,,,,,0,0
PGR,Progressive Corporation (The),1,83,20251015,,-1,1.0047528093216,-14.8435396284288,1,29,20260102,-5.87563674688213,-1,50,1
PLTR,Palantir Technologies Inc.,1,7,20260204,,-1,1.10224861035726,-18.2571689430116,1,8,20260203,11.7014076881429,1,80,1
PLUG,"Plug Power, Inc.",1,91,20251003,,1,0.823147846330628,-1.32027210543376,1,58,20251119,-19.392523364486,-1,80,1
PMC,"Pro Medicus, Ltd.",1,20,20260119,,-1,0.0625782227784731,-54.3804735107056,1,1,20260213,-6.41025641025641,-1,80,1
PMTS,CPI Card Group Inc.,0,,,,0,1.67705649356739,-34.0471464379374,1,65,20251110,5.50724637681159,1,50,1
PPG,"PPG Industries, Inc.",0,,,,0,0.799087828600881,21.2017745623,0,,,,,0,0
PPL,PPL Corporation,0,,,,0,1.49280539839864,6.03750705316237,0,,,,,0,0
PPX,Kering SA,0,,,,0,0.432841769629334,13.8114080260181,0,,,,,0,0
PRP,Prada S.p.A.,0,,,,0,0.270730119261655,-12.5091034385546,1,70,20251030,-6.51709401709401,-1,20,1
PRU,"Prudential Financial, Inc.",0,,,,0,1.09717660175501,-1.7745095415628,0,,,,,0,0
PTLO,Portillo's Inc.,0,,,,0,0.481827567491287,-29.3505813858406,1,69,20251104,-5.91603053435116,-1,20,1
PWCO,"PwrCor, Inc.",0,,,,0,0.124094256203289,-87.9891803710707,1,2,20260129,-40.8284023668639,-1,50,1
PWR,"Quanta Services, Inc.",0,,,,0,0.844647034716632,28.3700883585368,0,,,,,0,0
PX1,CAC 40 Index,0,,,,0,,4.91063686584252,0,,,,,0,0
PX1GR,CAC 40 GR,0,,,,0,,5.37953218127967,0,,,,,0,0
PYPL,"PayPal Holdings, Inc.",1,8,20260203,,-1,1.24715122305798,-39.0299958347,1,8,20260203,-18.0489203133958,-1,80,1
PZZA,"Papa John's International, Inc.",0,,,,0,1.49300370409392,-27.1571586021691,1,83,20251015,10.9285127362366,1,50,1
QCOM,QUALCOMM Incorporated,1,6,20260205,5.41947123724933,-1,1.39014027010868,-12.4695439737894,1,6,20260205,-10.7260393579152,-1,80,1
QQ.,QinetiQ Group plc,0,,,,0,0.238725464895493,3.63250100289788,0,,,,,0,0
QQQ,"Invesco QQQ Trust, Series 1",0,,,,0,1.21834360822697,3.55530058985328,0,,,,,0,0
QSR,Restaurant Brands International Inc.,1,1,20260212,-13.0131153125532,-1,1.423510676769,-2.3581524816073,0,,,,,30,1
QY6,QinetiQ Group plc,0,,,,0,0.349768163046233,1.7815790506571,0,,,,,0,0
R3NK,RENK Group AG,0,,,,0,0.376016766920085,-11.885552889272,0,,,,,0,0
RACE,Ferrari N.V.,1,87,20251009,4.81886893844698,-1,1.41113525647873,-12.8325790190446,1,3,20260210,7.77377800255853,1,80,1
RAIL,"Freightcar America, Inc.",1,35,20251223,4.52793834296723,1,0.527993808583087,41.2383423696359,0,,,,,30,1
RCL,Royal Caribbean Cruises Ltd.,1,11,20260129,-5.59890859481582,1,1.00023499854612,7.4729169829637,1,11,20260129,8.4190672153635,1,50,1
RDDT,"Reddit, Inc.",1,5,20260206,,-1,1.45712757988146,-25.5735473517986,1,5,20260206,6.93809996689837,1,80,1
REGN,"Regeneron Pharmaceuticals, Inc.",1,57,20251120,,1,1.03216965553175,27.8376070681939,0,,,,,30,1
REZI,"Resideo Technologies, Inc.",0,,,,0,0.572509112196861,13.5731481760305,1,67,20251106,-24.5007306380906,-1,50,1
RHK,RHON-KLINIKUM AG,0,,,,0,0,4.79777304732285,0,,,,,0,0
RHM,Rheinmetall AG,1,54,20251124,5.72289156626506,-1,0.212474063859818,-6.55966674482138,0,,,,,30,1
RHO6,Roche Holding Ltd Sponsored ADR,1,81,20251008,,1,0.402593632052647,29.4087021211194,0,,,,,30,1
RIO,Rio Tinto Plc,0,,,,0,0.904028246818816,42.4993842753737,0,,,,,0,0
RIOT,"Riot Platforms, Inc.",0,,,,0,1.08249280415693,7.17102298332581,1,5,20260206,7.87728026533996,1,20,1
RITN,Compagnie Financiere Richemont SA,1,60,20251114,5.08379888268156,1,2.08085106382979,5.29625341237858,1,60,20251114,6.82143880768129,1,50,1
RIVN,"Rivian Automotive, Inc.",0,,,,0,3.3546588777113,19.2800811346744,1,68,20251105,6.68000000000001,1,20,1
RL,Ralph Lauren Corporation,0,,,,0,0.816365041293387,17.4814893781211,1,6,20260205,-8.23935720327036,-1,20,1
RMBS,"Rambus, Inc.",1,17,20260121,9.93452640768224,1,0.667724498250199,21.5655786378455,1,6,20260205,-5.00272695721156,-1,80,1
RMS,Hermes International S.A.,0,,,,0,0.168432463388693,-4.08231150237631,1,85,20251015,5.92300098716683,1,20,1
RNO,Renault SA,0,,,,0,0.141856264313982,-11.2184137139333,0,,,,,0,0
ROG,Roche Holding Ltd Dividend Right Cert.,1,58,20251118,,1,0.588635334967007,26.5126127010392,0,,,,,30,1
ROKU,"Roku, Inc.",1,6,20260205,,-1,4.34228553974779,-2.73893677004926,0,,,,,30,1
RONN,RONN,0,,,,0,0.581079576985348,-98.6813476626887,1,1,20260212,9900,1,50,1
ROOT,"Root, Inc.",0,,,,0,0.894705687418168,-40.2239919483715,1,67,20251106,-10.1103355100203,-1,50,1
RTX,RTX Corporation,1,79,20251021,,1,0.922140773800299,22.4109436827668,1,79,20251021,6.90685084935598,1,50,1
RWE,RWE AG,1,63,20251112,24.0338803599788,1,0.336346887270851,24.3993919917267,0,,,,,30,1
RYAAY,Ryanair Holdings plc,1,36,20251222,8.82703185471866,1,2.3294734257303,5.46420191668177,0,,,,,30,1
RYAM,Rayonier Advanced Materials Inc.,0,,,,0,0.663765745211853,43.2968714675756,1,68,20251105,-6.58499234303217,-1,20,1
S,"SentinelOne, Inc.",1,47,20251205,,-1,0.558757360915667,-18.5265464243022,1,47,20251205,-9.95875073659399,-1,50,1
SAAB_B,Saab AB Class B,0,,,,0,0.474880266869621,17.1375743727823,0,,,,,0,0
SAF,Safran SA,0,,,,0,0.230238573786981,14.7631733730063,1,1,20260213,5.43442889684347,1,20,1
SAN,Sanofi SA,0,,,,0,0.248954792685051,-7.43671684816843,1,42,20251215,-5.90494479116657,-1,20,1
SAP,SAP SE,1,12,20260129,28.5193226226661,-1,0.466215569022862,-25.7260913736043,1,12,20260129,-8.73865606199653,-1,50,1
SAP,SAP SE,1,11,20260129,15.4971932638332,-1,0.925157012929366,-25.1760296314018,0,,,,,30,1
SBUX,Starbucks Corporation,0,,,,0,0.926462439730166,6.56316742227972,1,12,20260128,6.87421646468867,1,20,1
SCCO,Southern Copper Corporation,1,11,20260129,3.21667907669398,1,0.901951811476201,63.325583793817,1,8,20260203,6.25,1,50,1
SCHW,Charles Schwab Corporation (The),1,37,20251219,0.324873096446694,1,1.23889207671212,-0.702246595777989,0,,,,,30,1
SDV1,Saab AB Class B,1,29,20260105,2.97674418604651,1,0.211881259717251,25.0909736123655,0,,,,,30,1
SDV1,Saab AB Class B,0,,,,0,0.320773229447064,20.9604612432439,0,,,,,0,0
SE,Sea Limited,1,64,20251111,,-1,0.986229252663349,-30.3962471096249,1,82,20251016,6.77395667604946,1,50,1
SEE,Sealed Air Corporation,1,62,20251113,,1,0.719037560982797,18.4083634202029,1,62,20251113,21.6877405167675,1,80,1
SEJ1,Safran SA,1,0,20260213,16.5853658536585,1,8.79151943462898,16.0320908837131,0,,,,,30,1
SEJ1,Safran SA,0,,,,0,0.780960524440644,14.7867565991134,0,,,,,0,0
SG,"Sweetgreen, Inc.",1,66,20251107,5.24590163934425,-1,1.2150833251338,-47.2685303924083,1,62,20251113,8.19366852886405,1,80,1
SHAK,"Shake Shack, Inc.",0,,,,0,0.853752508727192,-15.3838659158245,0,,,,,0,0
SHD,"Shiseido Company,Limited",1,1,20260212,,1,0.889916995509593,27.3483134241963,1,1,20260212,7.07070707070706,1,80,1
SHELL,Shell Plc,1,27,20260108,-0.867199455874848,-1,0.139512462124515,6.66538154158788,0,,,,,30,1
SIE,Siemens Aktiengesellschaft,0,,,,0,0.45493552956347,4.66109995328777,1,2,20260212,5.99024390243903,1,20,1
SILVER,SILVER (US$/OZ),0,,,,0,0,51.1379563747794,1,10,20260201,-5.07693407710169,-1,20,1
SJM,The J.M. Smucker Company,0,,,,0,1.29688191741902,4.37658292994771,0,,,,,0,0
SMCI,"Super Micro Computer, Inc.",0,,,,0,0.753988762647822,-26.768780336914,1,7,20260204,11.0549376474553,1,50,1
SNOW,Snowflake Inc.,0,,,,0,1.46186621701639,-16.5187651884763,1,48,20251204,-7.92452830188679,-1,20,1
SNPS,"Synopsys, Inc.",0,,,,0,0.803554103685615,-12.1632426511775,1,51,20251201,6.69601205712782,1,20,1
SNW,Sanofi SA,0,,,,0,3.44691367098143,-7.72910685324322,0,,,,,0,0
SNY,Sanofi,0,,,,0,2.67043728971355,-6.21797645054108,0,,,,,0,0
SOFI,"SoFi Technologies, Inc.",1,74,20251028,,1,0.771261394107446,-15.224928453471,1,47,20251205,-7.55067567567569,-1,50,1
SON,Sonoco Products Company,0,,,,0,1.57247502768422,15.504726819138,0,,,,,0,0
SOUN,"SoundHound AI, Inc.",0,,,,0,0.752397490572632,-39.8343428152043,1,57,20251120,7.22269991401548,1,20,1
SPGI,S&P Global Inc.,1,3,20260210,8.02815932490999,-1,2.22268061551068,-20.1237561026463,1,3,20260210,-5.67775051216821,-1,50,1
SPOT,Spotify Technology S.A.,1,7,20260204,5.10727210063761,-1,1.35776041444447,-28.597199970837,1,3,20260210,11.5562626554816,1,80,1
SPX,S&P 500,0,,,,0,1.0496960581563,5.09568759595137,0,,,,,0,0
SPY,SPDR S&P 500 ETF TRUST,0,,,,0,1.16372627356069,5.10215258612575,0,,,,,0,0
SPYT,SPDR MSCI Europe Communication Services UCITS ETF,0,,,,0,0.00201055541593365,-0.258045364947939,0,,,,,0,0
SRT,Sartorius AG,0,,,,0,0.269203740742743,1.40236718005259,1,82,20251016,5.99078341013825,1,20,1
SSDOF,"Shiseido Company, Ltd.",0,,,,0,0.00850452227972224,-63.3880271477882,1,3,20260115,10.3896103896104,1,50,1
SSDOY,"Shiseido Company, Ltd.",1,57,20251120,,-1,0.757362766522366,31.0786204264343,1,21,20260114,5.63380281690141,1,50,1
SSU,"Samsung Electronics Co., Ltd. Sponsored GDR",1,2,20260212,2.4,1,0.301222351571595,101.38423588158,1,5,20260209,6.16740088105727,1,80,1
ST5,Steico SE,1,7,20260205,-1.73076923076923,1,0.114765126226408,4.1738239994326,1,24,20260113,-5.46697038724373,-1,50,1
STLAP,Stellantis N.V.,1,6,20260206,19.8162729658793,-1,0.338780437789762,-23.4518043585865,1,6,20260206,-10.1431542885109,-1,80,1
STLD,"Steel Dynamics, Inc.",1,79,20251021,,1,2.00084163114681,29.7648671844601,0,,,,,30,1
STMEF,STMicroelectronics N.V.,0,,,,0,0.00657196712708582,25.9678172483817,1,4,20260209,7.69741207697412,1,50,1
STRL,"Sterling Infrastructure, Inc.",0,,,,0,0.973852779191261,47.8574567247498,1,57,20251120,5.23087051500732,1,20,1
STTX,SPDR MSCI Europe Communication Services UCITS ETF,1,60,20251104,,-1,0.00396993436375185,-1.64731327026911,0,,,,,30,1
STX,Seagate Technology Holdings PLC,0,,,,0,0.903923868214955,96.0607885556723,1,5,20260206,5.13133555308916,1,20,1
STXE,EU Stocks 50 Cash (10),0,,,,0,0.228391267660611,6.94911705640911,0,,,,,0,0
SU,Suncor Energy Inc.,0,,,,0,0.565494831917155,34.249107743361,0,,,,,0,0
SWKS,"Skyworks Solutions, Inc.",1,12,20260128,-15.3348633423743,-1,0.851141331686443,-11.3830030887519,1,12,20260128,-8.60949208992505,-1,80,1
SYK,Stryker Corporation,0,,,,0,1.26283399031312,-2.3205767689085,0,,,,,0,0
SYM,Symbotic Inc.,0,,,,0,0.431514441760617,4.24764079241482,1,48,20251204,-15.0341436765911,-1,50,1
T,AT&T Inc.,0,,,,0,0.994271531619254,7.09079948563569,0,,,,,0,0
TAK,Takeda Pharmaceutical Company Limited,0,,,,0,1.04947492786408,23.3823197680734,0,,,,,0,0
TCHI,iShares MSCI China Multisector Tech ETF,0,,,,0,0.284655002723286,4.71675763893808,0,,,,,0,0
TCMD,"Tactile Systems Technology, Inc.",1,69,20251104,32.814371257485,1,0.371310695482527,51.3376503184814,1,28,20260105,5.47445255474453,1,80,1
TCOM,Trip.com Group Limited,1,21,20260114,-12.7109515260323,-1,1.26375737310734,-18.5851800497044,1,21,20260114,-16.7151162790698,-1,80,1
TE,T1 Energy Inc.,1,83,20251015,25.0596658711217,1,0.713131736124512,81.9208433279566,1,36,20251222,5.7542768273717,1,80,1
TEAM,Atlassian Corporation,1,5,20260206,3.27785152660064,-1,1.52114788650229,-50.4994202542317,1,11,20260129,-7.12377560106856,-1,50,1
TECK,Teck Resources Ltd,1,17,20260121,,1,0.639278007031116,42.3620844651092,1,8,20260203,5.51686217008797,1,50,1
TEM,"Tempus AI, Inc.",0,,,,0,0.656460620346844,-25.8650386943114,1,23,20260112,13.6864342839898,1,50,1
TER,"Teradyne, Inc.",1,8,20260203,10.8855799373041,1,0.7753651182328,117.350647843564,1,73,20251029,17.7517661726001,1,80,1
TEVA,Teva Pharmaceutical Industries Limited,1,68,20251105,34.4262295081967,1,0.498255268611755,54.1228310885436,1,68,20251105,12.7077223851417,1,80,1
TGT,Target Corporation,0,,,,0,0.911086312956693,18.7117681141584,0,,,,,0,0
TJX,"TJX Companies, Inc. (The)",0,,,,0,0.679649173448931,10.5879396427263,0,,,,,0,0
TKA,thyssenkrupp AG,0,,,,0,0.381356556732379,34.7216805872441,1,80,20251020,18.3927623173759,1,50,1
TKA,thyssenkrupp AG,0,,,,0,1.44706935559762,25.3972472450267,1,78,20251020,7.31419863047787,1,20,1
TKY,Tokyo Electron Ltd.,0,,,,0,0.0471899066033099,39.2543292643977,1,11,20260129,-5.14767932489451,-1,20,1
TMDX,"TransMedics Group, Inc.",0,,,,0,0.570848697970261,4.8587417314412,1,72,20251030,-5.0774270399047,-1,20,1
TMUS,"T-Mobile US, Inc.",0,,,,0,1.41031283644828,-2.35402427091932,0,,,,,0,0
TPR,"Tapestry, Inc.",0,,,,0,1.07227677426445,43.4104840709928,1,6,20260205,6.08836206896554,1,50,1
TRV,"The Travelers Companies, Inc.",0,,,,0,1.10385011187201,7.05143715853945,1,82,20251016,-6.25347930970495,-1,20,1
TSLA,"Tesla, Inc.",0,,,,0,0.741564687045435,8.38045423519528,0,,,,,0,0
TSM,Taiwan Semiconductor Manufacturing Company Ltd.,1,20,20260115,9.72208171346813,1,0.799132438183301,38.5166027287045,1,85,20251013,6.2620252262524,1,50,1
TSN,"Tyson Foods, Inc.",1,55,20251124,,1,0.704007340348217,13.6224302121226,1,65,20251110,5.17274107820805,1,50,1
TTD,"The Trade Desk, Inc.",0,,,,0,0.996017804496769,-52.3442440580326,0,,,,,0,0
TUI1,TUI AG,1,39,20251215,3.64741641337385,1,0.395439497180792,5.98155368455414,0,,,,,30,1
TUI1,TUI AG,1,40,20251215,16.4867000263366,1,0.265333071764437,7.45402714205415,0,,,,,30,1
TWSI,Tristar Wellness Solutions Inc.,0,,,,0,10.0661755173133,75.5800126098374,1,1,20260122,-27.2727272727273,-1,50,1
TXN,Texas Instruments Incorporated,1,12,20260128,,1,0.634677101122411,20.7551360711119,1,78,20251022,-9.33421809334218,-1,50,1
U,Unity Software Inc.,1,2,20260211,6.21988611476127,-1,2.12590567932423,-46.987691949678,1,2,20260211,-26.2994836488812,-1,80,1
U5MD,iShares US Medical Devices UCITS ETF USD,0,,,,0,4.47468698965705,-6.20912377092794,0,,,,,0,0
UAA,"Under Armour, Inc.",0,,,,0,0.66135580623528,27.3524332462472,1,3,20260210,-5.34351145038168,-1,20,1
UBER,"Uber Technologies, Inc.",1,7,20260204,-21.9198416625433,-1,1.2476099328365,-21.3844160526755,1,69,20251104,-7.7717609306057,-1,50,1
UHR,Swatch Group Ltd. Bearer,1,82,20251015,,1,0.140682931275599,27.6315556464246,1,11,20260130,6.87945460179733,1,50,1
UIM3,UBS (Lux) Fund Solutions - UBS FTSE 100 UCITS ETF -GBP dis- Distribution,0,,,,0,0.0286875448242888,10.0582082751275,0,,,,,0,0
UL,Unilever PLC,1,1,20260212,,1,2.32426998976838,8.87769596461727,1,46,20251208,-6.05245460659046,-1,50,1
ULTA,"Ulta Beauty, Inc.",1,47,20251205,5.11507610576167,1,0.567609068639361,28.6659814459475,1,47,20251205,8.42775540780972,1,50,1
UNFI,"United Natural Foods, Inc.",1,94,20250930,,1,0.898680092622617,27.152000277652,1,27,20260106,5.16982266305981,1,80,1
UNG,United States Natural Gas Fund LP,1,24,20260109,9.95670995670996,-1,0.426709564368364,-11.3985356542549,1,4,20260209,-8.06330067822156,-1,80,1
UNH,UnitedHealth Group Incorporated,1,13,20260127,-20.5029838022165,-1,1.16863075250357,-8.45898146527761,1,13,20260127,-16.4002957570242,-1,80,1
URA,Global X Uranium ETF,1,12,20260128,4.85156912637829,1,0.721555363037919,19.6373772887188,1,74,20251028,5.69345941686367,1,50,1
URBN,"Urban Outfitters, Inc.",1,53,20251126,-3.9028620988725,1,0.603565394777034,-0.765539143738645,1,23,20260112,-8.34355076017657,-1,80,1
US10Y,United States 10 Year Government Bonds Yield,0,,,,0,,-4.15618991273479,0,,,,,0,0
USIRYY,United States Inflation Rate YoY,0,,,,0,,-2.93225480283112,1,2,20251130,-9.99999999999999,-1,50,1
UTHR,United Therapeutics Corporation,0,,,,0,0.657080937306756,20.8879673710192,0,,,,,0,0
V,Visa Inc.,0,,,,0,1.5479856213241,-8.86475129243435,0,,,,,0,0
VIX,CBOE Volatility Index,0,,,,0,,19.1808917160602,1,9,20260202,14.3922018348624,1,50,1
VLO,Valero Energy Corporation,0,,,,0,0.659988978510629,27.1666275431976,1,28,20260105,8.6988082995584,1,20,1
VODI,Vodafone Group Public Limited Company,1,64,20251111,2.67731329262564,1,0.169296039296899,28.6487161940446,1,7,20260205,-6.84310018903592,-1,50,1
VOOP,Multi Units France SICAV - Amundi CAC 40 UCITS ETF Acc,0,,,,0,0.216637048320217,5.62433584697916,0,,,,,0,0
VOW,Volkswagen AG,0,,,,0,0.228701009433379,5.05647801713507,0,,,,,0,0
VRT,"Vertiv Holdings, LLC",1,2,20260211,,1,1.05866985893203,57.3048704949573,1,2,20260211,16.8470093177036,1,80,1
VRTX,Vertex Pharmaceuticals Incorporated,0,,,,0,1.99354936702946,12.835467810197,0,,,,,0,0
VSAT,"ViaSat, Inc.",0,,,,0,1.22442168811695,76.6105772924351,1,5,20260206,10.2831196581197,1,50,1
VSCO,Victorias Secret & Co.,1,47,20251205,39.1884222474461,1,0.543368738900333,76.5600942216834,1,23,20260112,-5.15933232169955,-1,80,1
VST,Vistra Corp.,1,26,20260107,,-1,1.12355144626433,-4.80808273686887,1,19,20260116,-7.00965700965701,-1,80,1
VTRS,Viatris Inc.,0,,,,0,0.839958963192465,51.0109691227095,0,,,,,0,0
VWSB,Vestas Wind Systems A/S,1,68,20251105,7.48663101604279,1,0.278363659912948,14.9777858587317,1,68,20251105,8.22949869603015,1,50,1
VZ,Verizon Communications Inc.,1,10,20260130,,1,1.03506831747664,15.9296190596714,1,10,20260130,5.51369002763125,1,50,1
W8V,Bank of China Limited Class H,0,,,,0,0.0409417613892241,0.579797617245321,0,,,,,0,0
WALD,Waldencast plc,1,57,20251120,,1,0.423693003529145,-12.8466464115817,1,5,20260206,5.74712643678162,1,80,1
WBD,"Warner Bros. Discovery, Inc. - Series A",0,,,,0,0.319804762399835,54.7225193403149,1,46,20251208,5.98159509202455,1,20,1
WEC,"WEC Energy Group, Inc.",0,,,,0,1.75683896507013,6.44092133584787,0,,,,,0,0
WEN,Wendy's Company (The),1,1,20260212,,-1,2.67339361357479,-23.1695636431801,1,66,20251107,10.9852774631937,1,80,1
WFC,Wells Fargo & Company,0,,,,0,0.830179563783563,4.60160474110559,0,,,,,0,0
WH,"Wyndham Hotels & Resorts, Inc.",0,,,,0,0.746838816143975,-3.79398848521925,1,77,20251023,-7.46361487747232,-1,20,1
WHR,Whirlpool Corporation,0,,,,0,1.27780339543946,6.43870773399798,1,11,20260129,-5.71287251143812,-1,20,1
WI2,Wizz Air Holdings Plc,0,,,,0,0.0059175099118291,9.99265800723236,1,48,20251201,-6.04515659140568,-1,20,1
WLY,"John Wiley & Sons, Inc.",1,46,20251208,1.68697282099344,-1,0.927132760911336,-21.5870107178624,0,,,,,30,1
WM,"Waste Management, Inc.",1,74,20251028,,-1,1.46010048341732,5.14859098332456,1,74,20251028,-6.91865088646677,-1,50,1
WOLF,"Wolfspeed, Inc.",0,,,,0,1.36385623471844,,1,6,20260205,-20.9302325581395,-1,50,1
XD4,STRABAG SE,0,,,,0,0.438606256261828,18.1754615835259,1,62,20251113,6.50887573964498,1,20,1
XEL,Xcel Energy Inc.,1,98,20250924,,1,1.00371092184614,9.82609746174376,0,,,,,30,1
XOM,Exxon Mobil Corporation,0,,,,0,1.09649902670229,28.4968209046886,0,,,,,0,0
XPEV,XPeng Inc.,1,64,20251111,7.69106820178551,1,0.393573572449037,-11.815017990916,1,37,20251219,5.80645161290322,1,50,1
XYZ,"Block, Inc.",1,66,20251107,-47.8427829229727,-1,1.33384965979287,-26.7356156120813,1,66,20251107,-13.4921753841816,-1,80,1
YSN,secunet Security Networks AG,1,12,20260129,-5.08130081300813,1,0.669214128303107,-7.93548546936555,1,12,20260129,5.43735224586288,1,50,1
YSN,secunet Security Networks AG,1,11,20260129,-4.08163265306123,1,1.57050778179532,-5.25831217237634,0,,,,,30,1
YUM,"Yum! Brands, Inc.",0,,,,0,1.05912715708717,8.14043507381493,0,,,,,0,0
YUMC,"Yum China Holdings, Inc.",0,,,,0,1.31729752051696,20.4183134917617,0,,,,,0,0
ZCH,China Telecom Corp. Ltd. Class H,0,,,,0,0.00359660480506354,6.77299963211846,1,10,20241015,-6.08695652173912,-1,50,1
ZFI1,Zurich Insurance Group Ltd Sponsored ADR,0,,,,0,0,-1.47140386936807,0,,,,,0,0
ZM,"Zoom Communications, Inc.",0,,,,0,0.929861244646038,13.0549812256698,1,54,20251125,6.36132315521629,1,20,1
ZPRW,SPDR MSCI Europe Value UCITS ETF,0,,,,0,0.68027119283103,15.2308511052556,0,,,,,0,0
ZS,"Zscaler, Inc.",1,53,20251126,,-1,1.16195615456052,-33.9757006281726,1,53,20251126,-6.77872501984608,-1,50,1
ZTS,Zoetis Inc.,1,69,20251104,,-1,0.850535154671902,-11.3819448671849,1,69,20251104,-13.5226879113266,-1,80,1
CYBR,CYBR,,,,,,,,,,,,,,
ANSS,ANSS,,,,,,,,,,,,,,
SHOP,SHOP,,,,,,,,,,,,,,
TA1,TA1,,,,,,,,,,,,,,
WMT,WMT,,,,,,,,,,,,,,
COOP,COOP,,,,,,,,,,,,,,
FI,FI,,,,,,,,,,,,,,
MEIJI,MEIJI,,,,,,,,,,,,,,
NANX,NANX,,,,,,,,,,,,,,
SPCO,SPCO,,,,,,,,,,,,,,
SKX,SKX,,,,,,,,,,,,,,
FL,FL,,,,,,,,,,,,,,
HBI,HBI,,,,,,,,,,,,,,
WBA,WBA,,,,,,,,,,,,,,
K,K,,,,,,,,,,,,,,
DPZ,DPZ,,,,,,,,,,,,,,
KOZ,KOZ,,,,,,,,,,,,,,
VAR1,VAR1,,,,,,,,,,,,,,
LIN,LIN,,,,,,,,,,,,,,
VTSC,VTSC,,,,,,,,,,,,,,
1COV,1COV,,,,,,,,,,,,,,
GOGL,GOGL,,,,,,,,,,,,,,
LEU,LEU,,,,,,,,,,,,,,
PNFP,PNFP,,,,,,,,,,,,,,
DRAG,DRAG,,,,,,,,,,,,,,
CP6,CP6,,,,,,,,,,,,,,
VRNA,VRNA,,,,,,,,,,,,,,
VERV,VERV,,,,,,,,,,,,,,
AZN,AZN,,,,,,,,,,,,,,
PINC,PINC,,,,,,,,,,,,,,
HI,HI,,,,,,,,,,,,,,
HES,HES,,,,,,,,,,,,,,
BASE,BASE,,,,,,,,,,,,,,
FORD,FORD,,,,,,,,,,,,,,
