Symbol,Description,PV Breakout Flag,PV Days Ago,PV Breakout Date,PV Strength %,PV Type,Volume Ratio,Price vs SMA %,Gap1 Flag,Gap1 Days Ago,Gap1 Date,Gap1 Size %,Gap1 Direction
005380,Hyundai Motor Company,1,17,20260121,10.574018126888216,1,0.5136220252152316,89.97871781497824,1,16,20260122,6.739526411657559,1
0IIH,Kering SA,0,,,,0,0.051976676950219174,11.364929177551437,1,4,20260210,14.384748700173319,1
0L2T,"Samsung SDI Co., Ltd Sponsored GDR 144A",1,45,20251103,,1,0.47619047619047616,32.07970202576506,1,8,20260203,5.405405405405414,1
0MPH,Deutsche Telekom AG,0,,,,0,0.187620229957574,9.772199863689536,0,,,,
0NQE,PUMA SE,0,,,,0,0.0713013240490059,13.372768714808128,1,14,20260127,19.949144706426267,1
0NRG,Bilfinger SE,0,,,,0,0.3534837974174223,27.67576003544808,0,,,,
0NWC,secunet Security Networks AG,0,,,,0,0.2546379599180989,-7.376441711314266,1,11,20260130,8.796296296296296,1
0QP2,Zurich Insurance Group Ltd,0,,,,0,0.051342367326576606,-1.750413812423222,0,,,,
0QQ6,Roche Holding Ltd,0,,,,0,0.0558590380745061,24.666404184393098,1,91,20251002,5.23448176633586,1
0QWI,"Industria de Diseno Textil, S.A.",0,,,,0,0.30120642007213744,18.59533593456304,0,,,,
0QYR,Panasonic Holdings Corporation,0,,,,0,0.547815015230311,69.97339886408845,1,2,20260122,8.971348050728041,1
0RJT,Redcare Pharmacy N.V.,0,,,,0,0,-17.181026740594877,1,28,20260107,-6.535947712418301,-1
1,CK Hutchison Holdings Ltd,1,15,20260126,3.2565528196981686,1,0.30165547452592417,21.745788667687645,0,,,,
1024,Kuaishou Technology Class B,0,,,,0,0.3089563447948991,-1.0538345255574513,1,30,20260105,5.886792452830197,1
1211,BYD Company Limited Class H,1,10,20260202,1.2479652740097726,-1,0.3974871925206183,-12.466054115854943,0,,,,
1301,Formosa Plastics Corporation,1,11,20260127,4.5081967213114815,1,0.70615672357619,19.357012224468225,0,,,,
1EL,EssilorLuxottica SA,1,81,20251017,15.114560236511446,1,0.35052440471368596,-5.504852854904493,1,2,20260212,8.848146671980874,1
1KER,Kering SA,1,77,20251023,3.9090909090909025,1,0.08208925194157177,12.055551684897376,1,4,20260210,9.826589595375722,1
1N8,Adyen NV,1,1,20260212,27.613814756671896,-1,5.778383738225087,-37.698441840443884,0,,,,
1PUM,PUMA SE,0,,,,0,0.2977927932602292,12.84966710768306,1,14,20260127,11.105947955390336,1
1TKA,thyssenkrupp AG,0,,,,0,0.39082942365031276,34.3719120217382,1,80,20251020,15.280925825185204,1
2318,"Ping An Insurance (Group) Company of China, Ltd. Class H",1,29,20260106,,1,0.2689523037375599,24.514235863272376,0,,,,
2354,"Foxconn Technology Co., Ltd.",0,,,,0,0.8121789587525987,-9.325424409533909,0,,,,
2628,China Life Insurance Co. Ltd. Class H,0,,,,0,0.14080131017323627,41.45244647291758,1,81,20251020,6.271777003484311,1
2VZ,"Leonardo DRS, Inc.",0,,,,0,1.4497528830313016,-9.09775900527864,0,,,,
300750,"Contemporary Amperex Technology Co., Limited Class A",0,,,,0,0.7977149377854558,13.61358785422425,0,,,,
3988,Bank of China Limited Class H,0,,,,0,0.28324706785312825,3.186377626713262,0,,,,
399001,Shenzhen Component Index,1,24,20260112,1.6080548553774079,1,0.9278059016534322,15.384215517278044,0,,,,
3KLA,"JL MAG Rare-Earth Co., Ltd. Class H",0,,,,0,0,8.549668614816824,1,5,20260209,5.555555555555539,1
4005,"Sumitomo Chemical Co., Ltd.",1,7,20260204,,1,1.1577587758145507,34.942542885687104,0,,,,
4927,Pola Orbis Holdings Inc.,0,,,,0,1.1999163727348139,1.7641639101605493,0,,,,
4FG,"Fuyao Glass Industry Group Co., Ltd. Class H",0,,,,0,0,-3.453136011275536,1,11,20260129,-5.40540540540541,-1
4HO,Thales SA,0,,,,0,0,0.05739663517298083,0,,,,
4JP,"JAPAN POST INSURANCE Co., Ltd.",1,29,20260105,,1,0,24.843396267885712,0,,,,
4TKA,thyssenkrupp AG,0,,,,0,2.9027576197387517,6.176868230030127,1,1,20260212,-5.877584110255382,-1
5843,Nippon Insure Co. Ltd.,0,,,,0,4.13076923076923,3.9998725394132064,0,,,,
5O7,Total Energy Services Inc.,1,93,20250924,,1,0.31996062023135613,32.47402016713444,1,56,20251117,6.362545018007196,1
5Y2,Dino Polska SA,0,,,,0,0.08231692554353381,-17.617020081399897,1,80,20251017,-6.518723994452151,-1
600500,Sinochem International Corporation Class A,1,10,20260130,0.4301075268817112,1,1.2935983994266513,9.405155564297022,0,,,,
600660,"Fuyao Glass Industry Group Co., Ltd. Class A",0,,,,0,1.1339938316653226,-4.191655412655138,0,,,,
600688,Sinopec Shanghai Petrochemical Co. Ltd. Class A,0,,,,0,0.8095711945531623,9.052018864947302,0,,,,
6146,Disco Corporation,0,,,,0,0.5192045691224999,58.980028491438816,1,4,20260209,7.09726443768997,1
6501,"Hitachi, Ltd.",0,,,,0,1.2985660742384153,14.144644560399483,1,4,20260209,5.589714924538849,1
6594,Nidec Corporation,1,69,20251031,0.5019815059445178,-1,0.6716978408503977,-6.074807114367494,1,35,20251222,6.156156156156156,1
7181,"JAPAN POST INSURANCE Co., Ltd.",0,,,,0,1.7736177099336807,23.270758928149405,0,,,,
7201,"Nissan Motor Co., Ltd.",1,1,20260213,,1,0.9448769523973429,20.903709621021502,0,,,,
7203,Toyota Motor Corp.,0,,,,0,0.8295742885541065,23.594246091112836,1,4,20260209,5.7936507936507935,1
7269,Suzuki Motor Corp.,0,,,,0,0.6229578459851522,15.772136585990806,0,,,,
728,China Telecom Corp. Ltd. Class H,0,,,,0,0.11397352916524436,-12.997253477451926,1,10,20260202,-6.319702602230482,-1
7309,Shimano Inc.,0,,,,0,1.4070296589468139,-5.029403286651057,0,,,,
8035,Tokyo Electron Ltd.,0,,,,0,0.6960577303095147,44.25582574956031,1,23,20260113,8.150883671854391,1
850312,Assicurazioni Generali S.p.A.,0,,,,0,0.3540867512540572,5.056068065004065,0,,,,
857,"PetroChina Co., Ltd. Class H",0,,,,0,0.22240290043230243,19.625486222870897,0,,,,
8BU,Brunello Cucinelli S.p.A.,1,95,20250926,0.426237272081458,-1,0,-11.727681971000553,0,,,,
8BU,Brunello Cucinelli S.p.A.,1,91,20250925,,-1,0.05413940897811865,-11.62977242441098,1,20,20260119,-6.8980477223427314,-1
8GC,Glencore plc,1,73,20251029,,1,0.2537067030714717,40.135904960688,1,10,20260202,-5.768554344002819,-1
9434,SoftBank Corp.,0,,,,0,1.011438654445812,-2.525496383242588,0,,,,
992,Lenovo Group Limited,1,27,20260108,3.9387308533916974,-1,0.6125995171326338,-8.25778575726782,0,,,,
A1CWEB,Pola Orbis Holdings Inc.,0,,,,0,,,0,,,,
A403UW,Saab AB Class B,0,,,,0,0.49357457510428815,20.539797893081538,0,,,,
AAON,"AAON, Inc.",0,,,,0,1.1479605395660757,14.203720380599982,1,67,20251106,17.697410656965555,1
AAPL,Apple Inc.,0,,,,0,1.155805205004495,6.548762367267036,0,,,,
ABBV,AbbVie Inc.,0,,,,0,1.257431912963346,9.910535672615751,1,7,20260204,-7.0393512363733,-1
ABNB,"Airbnb, Inc.",0,,,,0,2.3108041687500283,-5.53021894451922,0,,,,
ABT,Abbott Laboratories,1,16,20260122,11.044678324255703,-1,0.8455364114029686,-12.104884427049488,1,16,20260122,-10.933487948314422,-1
ACLS,"Axcelis Technologies, Inc.",0,,,,0,1.9447941104740922,19.43405563252223,1,20,20260115,6.200386183222486,1
ADBE,Adobe Inc.,0,,,,0,1.3437396311178464,-25.007452166042977,0,,,,
ADI,"Analog Devices, Inc.",0,,,,0,0.8707296729867856,34.94938997551418,0,,,,
ADM,Archer-Daniels-Midland Company,0,,,,0,0.05754416359867586,19.91868801197991,1,72,20251029,-7.508771929824563,-1
ADM,Archer-Daniels-Midland Company,0,,,,0,0.9042872215958734,19.618171774516867,1,8,20260203,-8.313748531139831,-1
ADP,"Automatic Data Processing, Inc.",1,1,20260212,,-1,1.4414714026366877,-25.421991072156874,0,,,,
ADS,adidas AG,0,,,,0,0.13807189039137888,-14.208594405934038,0,,,,
ADS,adidas AG,0,,,,0,0.5410281761800821,-14.540788105405273,0,,,,
ADSK,"Autodesk, Inc.",1,1,20260212,,-1,1.4244950505490612,-21.700814620363087,1,53,20251126,6.63655198179534,1
AEG,Aegon Ltd. New York Registry Shares,0,,,,0,2.507910899214888,1.7019649409981397,1,44,20251210,-8.681875792141948,-1
AEHR,Aehr Test Systems,1,2,20260211,17.534722222222225,1,1.3882456304133255,38.503190639988865,1,2,20260211,18.542676108833405,1
AEO,"American Eagle Outfitters, Inc.",1,49,20251203,11.800373134328346,1,0.666243245006477,52.59609496531715,1,23,20260112,-9.470544369873226,-1
AEP,"American Electric Power Company, Inc.",1,73,20251029,1.3697492943715803,1,1.3688174025538,15.692678079825656,0,,,,
AES,The AES Corporation,1,8,20260203,3.7395228884590592,1,1.2262370152094784,23.608174235895728,1,8,20260203,6.788866259334691,1
AGNC,AGNC Investment Corp.,0,,,,0,1.127718890235675,13.391359897788108,0,,,,
AI,Air Liquide SA,1,57,20251124,,-1,0.16496574806324243,-1.3600271644326896,0,,,,
AI,"C3.ai, Inc.",0,,,,0,0.8823220607088639,-42.331353982774296,1,12,20260128,11.825396825396828,1
AIG,"American International Group, Inc. New",0,,,,0,0.8086785753373343,-2.3268655715305178,1,27,20260106,-5.558189144346999,-1
AIGI,ARTISTMSS INTL GROUP INC,0,,,,0,0.059717377165494,-99.9817321273505,1,3,20250430,9900.000000000002,1
AIL,Air Liquide SA,0,,,,0,1.021519852529981,-1.3719760974269577,0,,,,
AIR,Airbus SE,0,,,,0,0.2744766722041685,3.4473265695511297,0,,,,
AIRR,First Trust RBA American Industrial Renaissance ETF,0,,,,0,0.6806146278752334,28.165511439718614,0,,,,
AIZ,"Assurant, Inc.",0,,,,0,2.00841778224686,1.9123562171434638,0,,,,
AKU1,Akzo Nobel N.V.,1,57,20251118,-2.718808193668517,-1,0.03592638036809816,3.2161708744219335,0,,,,
AKU1,Akzo Nobel N.V.,1,58,20251118,-2.6051358392258996,-1,2.5882570846453046,3.3262175784153185,0,,,,
ALAB,"Astera Labs, Inc.",0,,,,0,1.350807128488329,-13.39564801746552,1,2,20260211,-12.085748660177197,-1
ALHC,"Alignment Healthcare, Inc.",0,,,,0,0.7220665768386624,19.46763234856861,1,13,20260127,-13.481730365392682,-1
ALLT,Allot Ltd.,0,,,,0,0.436085412293437,13.835886596822878,1,57,20251120,17.096018735363007,1
ALO,Alstom SA,0,,,,0,0.0852992497197658,29.344278196217992,0,,,,
ALV,Allianz SE,0,,,,0,0.5724914247065076,1.9870707339520128,0,,,,
AM,Dassault Aviation SA,0,,,,0,0.23605688667938032,16.122314585279987,0,,,,
AMAT,"Applied Materials, Inc.",0,,,,0,2.047541423893249,63.479561427418965,1,20,20260115,8.675345324455927,1
AMBA,"Ambarella, Inc.",0,,,,0,0.4999886908137496,-6.8987191367356315,1,53,20251126,-12.091898428053206,-1
AMD,"Advanced Micro Devices, Inc.",1,90,20251006,9.140101794803108,1,0.7001583004389353,13.94476877434082,1,7,20260204,-11.19738961629012,-1
AMGN,Amgen Inc.,0,,,,0,0.82616448179211,20.998474204619182,0,,,,
AMSC,American Superconductor Corporation,1,6,20260205,3.6032689450222968,-1,1.4143947212112598,-14.97736079900438,1,2,20260211,5.050188205771653,1
AMZ,"Amazon.com, Inc.",1,6,20260206,0.8577475771415797,-1,0.6401583577100186,-12.262354475365699,1,6,20260206,-10.082609616606646,-1
AMZN,"Amazon.com, Inc.",1,5,20260206,-2.5801102277715415,-1,1.4111749542071659,-11.104472926529365,1,5,20260206,-8.976604248057843,-1
ANET,"Arista Networks, Inc.",0,,,,0,2.745751204734981,13.230557615912542,1,16,20260122,9.859376227511978,1
ANF,Abercrombie & Fitch Company,0,,,,0,0.5296959420729297,4.530627362258274,1,23,20260112,-17.51421478337471,-1
ANGO,"AngioDynamics, Inc.",1,92,20251002,0.17064846416381887,1,0.5418882239920131,2.3120470803295445,1,86,20251010,5.475763016157984,1
APD,"Air Products and Chemicals, Inc.",1,71,20251031,0.7405891980360074,-1,2.0371973433353485,2.8006318560320866,0,,,,
APP,Applovin Corporation,1,7,20260204,13.650043471476028,-1,1.7101658631592196,-22.50948244449394,1,1,20260212,-11.560605065563363,-1
AS,"Amer Sports, Inc.",0,,,,0,0.8253295723733451,10.91360941470158,1,59,20251118,7.347204161248379,1
ASC,Ardmore Shipping Corporation,1,59,20251118,,1,1.7827098572401163,20.296755619532625,0,,,,
ASG,Assicurazioni Generali S.p.A.,1,37,20251217,,1,0.5583682916244757,4.785778986870222,0,,,,
ASHR,Xtrackers Harvest CSI 300 China A-Shares ETF,0,,,,0,0.8753607890158062,9.343549120187001,0,,,,
ASM,ASM International N.V.,1,22,20260115,4.462911665127732,1,0.07597851759366395,32.83762096410812,1,22,20260115,6.1946902654867175,1
ASML,ASML Holding N.V. - New York Registry Shares,1,13,20260127,2.439522518398526,1,0.727170374555386,48.81109733994658,1,20,20260115,7.1151046117810886,1
ASML,ASML Holding NV,1,22,20260115,,1,0.0821897241101549,45.98299268801699,1,13,20260128,6.76741130091985,1
ASTRAZEN,AstraZeneca Pharma India Limited,0,,,,0,0.2703590798031031,0.026849075616631128,0,,,,
ASTS,"AST SpaceMobile, Inc.",1,19,20260116,10.467557251908396,1,0.8345816597318249,37.04801954317058,1,1,20260212,-9.306644655385881,-1
ASWC,Future of Defence UCITS ETF Accum USD,0,,,,0,0.6289805719364053,6.27944366337988,0,,,,
ASX,"ASE Technology Holding Co., Ltd.",1,5,20260206,1.9661056659768008,1,0.925652633781593,81.39745810997813,1,71,20251031,5.252659574468091,1
ATO,Atmos Energy Corporation,0,,,,0,0.8974708584162333,8.578455126962576,0,,,,
ATZ,"Aritzia, Inc.",1,25,20260109,4.324710363434378,1,0.9730409902012054,33.031303792003214,1,25,20260109,7.784431137724551,1
AV.,Aviva plc,0,,,,0,0.16059692192331063,-2.4120247185764847,0,,,,
AVTR,"Avantor, Inc.",1,2,20260211,9.227871939736335,-1,1.1217789578997484,-26.55452927041496,1,2,20260211,-20.250896057347667,-1
AWK,"American Water Works Company, Inc.",0,,,,0,1.721869889076352,-2.6315731893301963,0,,,,
AXA,AXA SA,0,,,,0,1.5086882320369321,-7.168158356413369,0,,,,
AXON,"Axon Enterprise, Inc.",0,,,,0,1.074884256828942,-36.64713432858486,1,68,20251105,-20.15068046960191,-1
AXP,American Express Company,0,,,,0,1.3432817476829573,1.5811214420366881,0,,,,
AXTA,Axalta Coating Systems Ltd.,0,,,,0,0.900987506887454,11.657274653013486,1,7,20260204,5.949798574527407,1
BA,Boeing Company (The),0,,,,0,0.8157160422354587,12.293026749090126,1,50,20251202,6.349887375308379,1
BA.,BAE Systems plc,0,,,,0,0.1995941765937194,9.2138758251715,1,13,20260128,-8.996023856858846,-1
BAB,Babcock International Group PLC,0,,,,0,0.13857318871353813,17.013634953049234,0,,,,
BABA,Alibaba Group Holding Limited,0,,,,0,1.3486102513920095,8.242650370609226,1,85,20251013,5.51537639142193,1
BAC,Bank of America Corporation,0,,,,0,0.8277298664484353,5.321860499141407,0,,,,
BAS,BASF SE,1,8,20260204,7.195174493752685,1,0.13042257283727193,14.693484501617062,0,,,,
BAX,Baxter International Inc.,1,72,20251030,11.255210745715608,-1,1.767162229313479,-17.53015525083707,1,1,20260212,-12.38779174147218,-1
BAYN,Bayer AG,1,55,20251124,,1,0.1222700567806641,50.22127365229287,1,49,20251202,11.58516573679029,1
BB2,Burberry Group plc,0,,,,0,0.1980655597002608,2.3641273861437497,0,,,,
BB2,Burberry Group plc,0,,,,0,0.00241738096916832,3.232971636408725,1,4,20260210,5.346607669616517,1
BBAI,"BigBear.ai, Inc.",0,,,,0,0.44610700977865647,-29.558619141754672,1,57,20251120,5.308219178082201,1
BBD,Bombardier Inc. Class A,0,,,,0,0,34.68926553672333,1,9,20260202,-5.517241379310345,-1
BBY,"Best Buy Co., Inc.",0,,,,0,0.9214051204093918,-8.834277203373684,0,,,,
BC,Brunello Cucinelli S.p.A.,1,97,20250925,10.479797979797988,-1,0.18407014611941674,-11.342263802951914,0,,,,
BEI,Beiersdorf AG,0,,,,0,2.5522617457080576,5.024139766460717,0,,,,
BEI,Beiersdorf AG,0,,,,0,0.3167170848376226,4.48029701267406,0,,,,
BF.B,Brown Forman Inc,0,,,,0,0.7709674706763362,3.2917120040835037,0,,,,
BHP,BHP Group Limited,1,11,20260129,,1,1.1990187312755678,31.83188470369262,1,11,20260129,5.200112739571607,1
BIDU,"Baidu, Inc.",1,29,20260102,2.5938566552901103,1,1.3075368300201342,22.295770370299323,1,17,20260121,5.659245433942128,1
BIIB,Biogen Inc.,1,55,20251124,0.45449380752186286,1,0.6962371934805092,31.677029454125172,1,72,20251030,-5.248207764101189,-1
BILI,Bilibili Inc.,1,21,20260114,2.5846153846153954,1,0.5955780958589053,22.409180688551693,1,17,20260121,5.979517674264945,1
BIRK,Birkenstock Holding plc,0,,,,0,0.7792462746160904,-14.200561576726479,1,38,20251218,-6.163793103448275,-1
BKNG,Booking Holdings Inc. Common Stock,1,1,20260212,0.4018314702529705,-1,2.1108060481587523,-21.95398819483855,0,,,,
BLK,"BlackRock, Inc.",0,,,,0,0.9463696345523782,-0.5374639805565937,0,,,,
BMW,Bayerische Motoren Werke AG,1,86,20251008,-13.183098591549294,-1,0.22034908482185506,5.568782849860727,0,,,,
BMY,Bristol-Myers Squibb Company,0,,,,0,0.7417070586744126,24.34057936896239,0,,,,
BN,Danone SA,1,18,20260121,,-1,0.0711763859264509,-1.861127780567378,1,18,20260121,-9.755434782608686,-1
BNP,BNP Paribas S.A. Class A,1,82,20251020,,-1,0.1528436975308567,16.428874514479684,1,59,20251120,5.859549724168789,1
BNTX,BioNTech SE,0,,,,0,0.5510172916985714,1.6706464541798798,1,62,20251113,-5.550581915846019,-1
BOOT,"Boot Barn Holdings, Inc.",0,,,,0,0.7324664990929214,7.754525572569511,1,72,20251030,5.710019565441254,1
BOSS,HUGO BOSS AG,1,48,20251203,2.67955801104974,-1,0.056253023358309485,-6.162833132150333,1,48,20251203,-10.549169859514675,-1
BP,BP p.l.c.,0,,,,0,0.8662524061065943,11.867754847429476,1,3,20260210,-5.634880163182053,-1
BRK.A,Berkshire Hathaway Inc.,0,,,,0,0.5208898534997287,1.4870128668697458,0,,,,
BRK.B,Berkshire Hathaway Inc. New,0,,,,0,0.963920739583558,0.8291783896248559,0,,,,
BRO,"Brown & Brown, Inc.",1,2,20260211,0.6080379652973614,-1,1.7006019822803318,-25.83305124906914,1,13,20260127,-6.6817382567194255,-1
BROS,Dutch Bros Inc.,0,,,,0,4.724313321906538,-13.586493503962094,0,,,,
BSP,BAE Systems plc,0,,,,0,0.6648941047034015,4.996362659104594,0,,,,
BSP,BAE Systems plc,1,27,20260108,-1.4937759336099707,1,0.438126853482056,8.094942618054837,0,,,,
BSX,Boston Scientific Corporation,1,7,20260204,13.24830518212111,-1,0.9928651652740452,-24.9247665389293,1,7,20260204,-11.176598995852444,-1
BTCUSDT,Bitcoin / TetherUS,1,11,20260205,12.489066325395058,-1,0.2205644339565679,-31.638794456878816,0,,,,
BUD,Anheuser-Busch Inbev SA Sponsored,1,1,20260212,,1,1.4846268335115607,23.556028255429947,0,,,,
BW,"Babcock & Wilcox Enterprises, Inc.",1,68,20251105,16.50485436893203,1,0.5980748042064015,167.4401126156027,1,6,20260205,-5.825242718446593,-1
BX,Blackstone Inc.,1,6,20260205,1.0840742473873035,-1,1.233553942137094,-16.245494349747283,0,,,,
BY6,BYD Company Limited Class H,1,9,20260202,,-1,0.8073443914816091,-16.23484439270472,1,9,20260202,-7.636709462672381,-1
BYDDF,"BYD Co., Ltd.",0,,,,0,0.8014307555983089,-13.812115267712594,1,9,20260202,-5.698234349919749,-1
BYDDY,"BYD Co., Ltd.",1,9,20260202,2.1168501270110074,-1,1.4629624014308769,-13.959102509141012,1,65,20251110,6.063055780113177,1
BYND,"Beyond Meat, Inc.",1,82,20251016,20.12288786482335,-1,0.23389454331832457,-66.82258836554806,1,61,20251114,-7.2970297029702955,-1
CAAS,"China Automotive Systems, Inc.",0,,,,0,0.8216543723010276,4.035712876793552,0,,,,
CAH,"Cardinal Health, Inc.",0,,,,0,0.5590448326047687,26.750759577421,1,72,20251030,10.317991123001155,1
CAKE,The Cheesecake Factory Incorporated,1,73,20251029,,-1,0.8481283009209473,4.487373848682165,0,,,,
CAMT,Camtek Ltd.,0,,,,0,0.9163979550411017,60.576011926238195,1,20,20260115,7.914535058681922,1
CARE,"Carter Bankshares, Inc.",0,,,,0,1.4386611887323253,18.10788993211504,0,,,,
CART,Maplebear Inc.,1,94,20250930,,-1,3.587720858052731,-15.726864499593452,1,65,20251110,5.278911564625844,1
CAT,"Caterpillar, Inc.",1,73,20251029,7.43134872774706,1,1.1766661437128332,58.78211533381569,1,73,20251029,6.427441035712228,1
CAVA,"CAVA Group, Inc.",0,,,,0,0.7999505320608601,-9.05796945779929,1,72,20251030,-9.161567719530344,-1
CAWW,"CCA Industries, Inc.",0,,,,0,0.16144721281567975,-31.40449602237418,1,2,20260211,-5.230544924366676,-1
CB,Chubb Limited,0,,,,0,1.1479083957396545,12.419024225702936,0,,,,
CBK,Commerzbank AG,1,36,20251219,17.46909564085882,1,0.433808402991203,3.485984892119171,0,,,,
CCK,"Crown Holdings, Inc.",0,,,,0,0.8497461006313839,10.620032320339774,1,79,20251021,7.308547823323806,1
CCL,Carnival Corporation,0,,,,0,0.8773902165238197,13.255168135977524,1,69,20251104,-5.956112852664579,-1
CDI,Christian Dior SE,1,13,20260128,-21.504339440694306,-1,0.2996639518920603,-1.9240994938653513,1,85,20251015,10.06036217303823,1
CDNS,"Cadence Design Systems, Inc.",1,8,20260203,-8.397254743641506,-1,1.4357965608638426,-7.673460459346662,0,,,,
CEE,"The Central and Eastern Europe Fund, Inc. (The)",1,43,20251211,2.9246738673025616,1,0.6369116190707169,21.170640979800336,0,,,,
CEG,Constellation Energy Corporation,1,19,20260116,,-1,1.665066073672302,-11.566464426143945,1,19,20260116,-5.495310668229777,-1
CELH,"Celsius Holdings, Inc.",0,,,,0,1.2268938785667167,-8.512176193918162,1,65,20251110,6.5631021194604875,1
CFNAI,Chicago Fed National Activity Index,0,,,,0,,-50.495049504950465,1,1,20251001,75,1
CFR,Compagnie Financiere Richemont SA,1,60,20251114,2.0597014925373065,1,0.1042289689992025,2.5651025163548913,1,60,20251114,6.5015479876160995,1
CHG,Chemring Group PLC,0,,,,0,0.15461101740060856,-0.47530638505991035,0,,,,
CHL,China Life Insurance Co. Ltd. Class H,0,,,,0,2.575684652016514,36.721589995943866,1,9,20260202,-5.729442970822286,-1
CHWY,"Chewy, Inc.",0,,,,0,1.0442707776551319,-34.34129249829623,1,44,20251210,6.773823191733637,1
CI,The Cigna Group,1,72,20251030,7.20642908107703,-1,0.6305760618360977,-0.6335362156221569,1,72,20251030,-11.40679326023001,-1
CIBR,First Trust NASDAQ Cybersecurity ETF,0,,,,0,1.2340655424622315,-8.650520923035735,0,,,,
CIEN,Ciena Corporation,0,,,,0,0.8821825549019208,103.9180349070076,1,18,20260120,-5.862295620737813,-1
CL,Colgate-Palmolive Company,1,10,20260130,,1,0.802333337100848,14.50694761754304,0,,,,
CL1!,Crude Oil Futures,1,12,20260128,-1.5055706112616682,1,0.0845877209689666,1.0717198245692088,0,,,,
CLFD,"Clearfield, Inc.",0,,,,0,0.6321529493549367,-5.9179833974605724,1,6,20260205,5.021332458155567,1
CLSK,"CleanSpark, Inc.",0,,,,0,0.902054706230486,-18.86359611368978,1,5,20260206,7.441016333938297,1
CMCSA,Comcast Corporation,1,72,20251030,13.10432570052305,-1,0.7592285692522028,5.74156783503816,1,72,20251030,-8.552400964296194,-1
CMG,"Chipotle Mexican Grill, Inc.",1,72,20251030,15.065274151436023,-1,0.9834134068067215,-14.98953469650614,1,72,20251030,-21.353118712273638,-1
CMN1,Chemring Group PLC,0,,,,0,0,-4.549014488970031,0,,,,
CMS,CMS Energy Corporation,0,,,,0,1.5701237149150762,6.870101438860942,0,,,,
CNC,Centene Corporation,0,,,,0,0.6722624005619496,0.9074960742308099,1,5,20260206,-6.713426853707413,-1
CNNE,"Cannae Holdings, Inc.",0,,,,0,0.936434183109898,-26.242677684941345,1,64,20251111,5.162412993039447,1
CNO,"CNO Financial Group, Inc.",0,,,,0,0.883409919649602,8.80118453310057,0,,,,
CNP,"CenterPoint Energy, Inc (Holding Co)",0,,,,0,1.3230317886317358,11.08440533790351,0,,,,
CNYA,iShares MSCI China A ETF,0,,,,0,0.23475684572102187,9.823451978974894,0,,,,
COHU,"Cohu, Inc.",0,,,,0,4.923432855221736,39.92089439630503,1,98,20250924,-15.496049165935036,-1
COIN,"Coinbase Global, Inc. - 3",1,6,20260205,11.130032842719855,-1,3.134613506970387,-43.265996230392744,1,5,20260206,5.772652614289626,1
CON,Continental AG,0,,,,0,0.08375139017191782,21.39463746868826,1,81,20251017,6.149341142020496,1
COP,ConocoPhillips,1,28,20260105,,1,0.8642616910544985,19.45978832150043,0,,,,
COR,"Cencora, Inc.",0,,,,0,0.6983497739164899,13.831022936558343,0,,,,
COST,Costco Wholesale Corporation,1,96,20250926,,-1,0.9692341183736918,6.992108349784535,0,,,,
COTY,Coty Inc.,1,5,20260206,9.523809523809518,-1,1.1075453676077454,-39.0791485643552,1,5,20260206,-15.555555555555548,-1
CPIAUCSL,Consumer Price Index for All Urban Consumers: All Items in U.S. City Average,0,,,,0,,27.23964765603995,0,,,,
CPRI,Capri Holdings Limited,1,8,20260203,-23.79778051787916,-1,0.7912016653110022,-2.5172695287698685,0,,,,
CPRT,"Copart, Inc.",0,,,,0,1.0818528472965294,-18.154960886738223,0,,,,
CQQQ,Invesco China Technology ETF,0,,,,0,0.9082154887187264,4.798844768189723,0,,,,
CRM,"Salesforce, Inc.",0,,,,0,1.4901414096562948,-24.449123122801446,1,82,20251016,7.020880885958232,1
CROX,"Crocs, Inc.",1,1,20260212,,1,1.6677986128169902,6.621441331931714,1,1,20260212,16.644506225069495,1
CRWD,"CrowdStrike Holdings, Inc.",1,6,20260205,,-1,1.310494864137713,-8.947072306852077,0,,,,
CSCO,"Cisco Systems, Inc.",1,62,20251113,,1,1.93563014401281,8.839279012359595,1,1,20260212,-6.932429272854812,-1
CSF,Thales SA,0,,,,0,0.15631844696009037,0.27932334886489896,0,,,,
CVS,CVS Health Corporation,0,,,,0,0.7994564663795091,8.145425832949368,1,13,20260127,-10.110885894837253,-1
CVX,Chevron Corporation,1,28,20260105,,1,0.8531798222682074,19.80823119193685,1,28,20260105,6.3181526619627935,1
CYD,China Yuchai International Limited,0,,,,0,0.7292765043957293,67.33358720011984,1,27,20260106,5.2532833020637915,1
DAC,Danaos Corporation,0,,,,0,1.1950187030951107,17.383451703581073,0,,,,
DASH,"DoorDash, Inc.",1,67,20251106,,-1,1.458375756867003,-30.30963619013553,1,67,20251106,-11.235294117647063,-1
DAU0,Dassault Aviation SA,1,27,20260107,-8.248043347381088,1,0.20626895854398383,13.406321008056143,0,,,,
DAU0,Dassault Aviation SA,0,,,,0,0.9968835439649733,15.71894863425528,0,,,,
DAVE,Dave Inc.,0,,,,0,0.8454475093546059,-14.407220635449605,1,5,20260206,12.70523345305285,1
DAX,DAX Index,0,,,,0,0.20257910543765628,3.381427365904477,0,,,,
DAX,Global X DAX Germany ETF,0,,,,0,1.210199079755686,5.19587168126351,0,,,,
DAX3,Leverage Shares 3x Long Germany 40 ETP,0,,,,0,0.18143050978871875,5.257145654674963,1,6,20260206,7.867494824016573,1
DBK,Deutsche Bank Aktiengesellschaft,0,,,,0,0.2566017443062939,2.9034572115585373,0,,,,
DDOG,"Datadog, Inc.",1,67,20251106,14.338786026724195,1,1.2167564199281444,-9.590599588716664,1,3,20260210,8.915884571528807,1
DE,Deere & Company,0,,,,0,1.006611865771536,22.065780927839157,0,,,,
DE10Y,Germany 10 Year Government Bonds Yield,0,,,,0,,2.438990889630499,0,,,,
DECK,Deckers Outdoor Corporation,1,10,20260130,-10.559844113018064,1,0.6069526953351726,10.766868904974846,1,10,20260130,15.015015015015015,1
DELL,Dell Technologies Inc.,0,,,,0,1.4686085806407858,-7.935066364876997,1,1,20260212,-5.364046391752575,-1
DEO,Diageo plc,1,67,20251106,3.580110497237563,-1,0.6923583459325756,-0.5104894368263633,1,65,20251110,6.685022026431726,1
DG,Dollar General Corporation,1,48,20251204,6.222975837219163,1,0.8097859933275541,34.520443015062625,1,48,20251204,5.332605332605332,1
DHL,Deutsche Post AG,1,67,20251106,4.009603841536618,1,0.1059398431550901,18.260544559140502,0,,,,
DHR,Danaher Corporation,1,97,20250925,-6.1169590643274905,-1,1.4167477049688837,1.5540279084877116,1,79,20251021,7.250827774845249,1
DIO,Christian Dior SE,0,,,,0,0.564299424184261,-1.3348120568780355,0,,,,
DIS,Walt Disney Company (The),1,62,20251113,,-1,1.0945685698851741,-6.6426065171783,1,9,20260202,-7.792553191489354,-1
DJI,Dow Jones Industrial Average Index,0,,,,0,,8.038286189741292,0,,,,
DLR,"Digital Realty Trust, Inc.",0,,,,0,1.1282076025617542,7.892126951062233,0,,,,
DLTR,"Dollar Tree, Inc.",0,,,,0,0.8848254348513942,17.937441980293755,1,83,20251015,5.105670642393802,1
DNUT,"Krispy Kreme, Inc.",0,,,,0,0.8203736777914803,-16.87975035748747,1,67,20251106,12.201591511936352,1
DOCN,"DigitalOcean Holdings, Inc.",0,,,,0,1.694784838356789,75.38013825080438,1,13,20260127,7.041058703766552,1
DOW,Dow Inc.,1,7,20260204,,1,0.8137356020632768,26.414453813882044,1,77,20251023,8.110599078341021,1
DPZ,Domino's Pizza Inc,1,18,20260120,,-1,1.5012658791128206,-14.243385721375262,0,,,,
DQ,DAQO New Energy Corp.,0,,,,0,0.5402654239990358,3.3377082952600556,1,7,20260204,7.317073170731696,1
DR0,Deutsche Rohstoff AG,1,15,20260126,1.9646365422396856,1,0.09467556560121117,37.04526281355978,0,,,,
DRI,"Darden Restaurants, Inc.",0,,,,0,0.596846134137455,6.045123578920228,0,,,,
DRS,"Leonardo DRS, Inc.",0,,,,0,0.964391529725012,-6.380455539002844,0,,,,
DSY,Dassault Systemes SE,1,3,20260211,18.7099725526075,-1,0.9285860267477221,-39.84129508475417,1,3,20260211,-19.295900178253124,-1
DSYA,Dassault Systemes SE,1,3,20260211,,-1,2.970994786814866,-40.59704756302411,0,,,,
DTE,DTE Energy Company,0,,,,0,1.2571061362061944,6.725534824231191,0,,,,
DTG,Daimler Truck Holding AG,0,,,,0,0.07464480300876888,11.44949134970525,1,29,20260106,5.249274597731475,1
DUK,Duke Energy Corporation (Holding Company),1,1,20260212,-1.3609698865858388,1,1.4501776818907857,6.388143282090771,0,,,,
DXCM,"DexCom, Inc.",1,71,20251031,7.872458264103174,-1,2.0335383966088676,-5.617205112738369,1,71,20251031,-13.211143695014671,-1
DXY,U.S. Dollar Currency Index,0,,,,0,,-1.5070260602445738,0,,,,
EA,Electronic Arts Inc.,1,95,20250929,2.3919322961536507,1,0.892980020068596,11.714593769859327,1,95,20250929,5.246961468838899,1
EAT,"Brinker International, Inc.",1,73,20251029,,-1,0.6364552709587736,7.481641805934519,1,12,20260128,6.729607730942849,1
ECNS,iShares MSCI China Small-Cap ETF,0,,,,0,0.8738830289448047,4.407465681478986,0,,,,
EL,"Estee Lauder Companies, Inc. (The)",0,,,,0,0.8979942757018441,19.547125799493386,1,6,20260205,-12.42789064459493,-1
ELF,"e.l.f. Beauty, Inc.",1,67,20251106,-54.93927125506075,-1,1.445265047910161,-21.92360689561122,1,6,20260205,8.708495805270005,1
EME,"EMCOR Group, Inc.",0,,,,0,0.8346847956100485,32.06302256806375,1,72,20251030,-14.414414414414415,-1
ENEL,Enel SpA,0,,,,0,0.7430953838442341,9.119754185102448,0,,,,
ENGIY,ENGIE SA,0,,,,0,0.6354104120109261,30.911270780739347,0,,,,
ENI,Eni S.p.A.,0,,,,0,0.2779103874447388,20.029056329657223,0,,,,
ENOV,Enovis Corporation,0,,,,0,0.9795384297695392,-26.620533442093443,0,,,,
EOAN,E.ON SE,0,,,,0,0.1514288520717577,16.425888154699773,0,,,,
EQNR,Equinor ASA,0,,,,0,0.7918787653976747,14.374096912713439,0,,,,
ES,Eversource Energy (D/B/A),0,,,,0,1.5802863385160648,9.325530327924476,1,58,20251119,-5.540649315803607,-1
ESAB,ESAB Corporation,0,,,,0,0.8223910309395513,13.256619236992076,0,,,,
ESL,EssilorLuxottica SA,1,80,20251017,2.7159685863874192,1,1.7889554794520548,-4.187314355977329,0,,,,
ESL,EssilorLuxottica SA,1,78,20251017,3.0263157894736805,1,0.591617286923226,-5.605681441402692,0,,,,
ESLT,Elbit Systems Ltd.,1,23,20260112,4.155832837034995,1,0.48924017688077076,35.04582100733835,1,60,20251117,9.185463924064024,1
ESTC,Elastic N.V.,1,56,20251121,,-1,1.0602437590637823,-24.514815821729037,1,56,20251121,-11.598440545808963,-1
ET,Energy Transfer LP,1,0,20260213,,1,1.7809325054597318,8.376804473794506,0,,,,
ETN,"Eaton Corporation, PLC",1,39,20251217,-36.21738192797067,-1,0.7256938136033719,11.162404632009554,1,69,20251104,-6.710298264221228,-1
ETR,Entergy Corporation,1,0,20260213,,1,2.2959416906867385,16.468026993712712,0,,,,
EU10,Euro 10 Year Government Bonds,0,,,,0,,1.9237549805460434,0,,,,
EUIRYY,Euro Area Inflation Rate YoY,0,,,,0,,-18.660287081339675,1,5,20250831,5.000000000000004,1
EURUSD,Euro/US Dollar,0,,,,0,0.23046292364680518,1.9790747997969458,0,,,,
EVAL,SPDR MSCI Europe Value UCITS ETF,0,,,,0,0.1253653284110137,15.683732074936707,0,,,,
EVER,"EverQuote, Inc.",1,7,20260204,2.2580645161290414,-1,1.6026999435278435,-38.65049930165772,1,69,20251104,6.3364569388665695,1
EVK,Evonik Industries AG,0,,,,0,0.16623794651703838,-1.7239261291511623,0,,,,
EVRG,"Evergy, Inc.",0,,,,0,1.0964817470329244,13.910349152646273,0,,,,
EWCZ,"European Wax Center, Inc.",1,3,20260210,,1,2.5674095643800734,31.264367816092044,1,3,20260210,43.37500000000001,1
EXHI,"Exlites Holdings International, Inc.",0,,,,0,0.12107270415884734,-87.45529569172704,1,1,20251223,251.7647058823529,1
EXP,Eagle Materials Inc,1,72,20251030,-6.462973066812149,-1,0.9391197467827367,6.102938488636703,0,,,,
EZJ,easyJet plc,0,,,,0,0.27240027301747577,-2.084501075571787,1,86,20251014,9.870689655172416,1
F,Ford Motor Company,0,,,,0,1.4670365590683099,16.93170219681711,0,,,,
FANG,"Diamondback Energy, Inc.",0,,,,0,0.7480768120321434,16.056069751660306,0,,,,
FASHION,SET Fashion Sector Index,0,,,,0,,-4.438771883614791,0,,,,
FCX,"Freeport-McMoRan, Inc.",1,11,20260129,0.7113035410545752,1,0.7436400034779278,39.246508865774686,1,8,20260203,5.480579328505605,1
FE,FirstEnergy Corp.,1,96,20250926,,1,1.3120966735411244,13.774814434640298,0,,,,
FICO,Fair Isaac Corporation,1,8,20260203,-2.1592307692307644,-1,0.7414618096484688,-18.679875043948563,1,92,20251002,18.033198696379344,1
FIVE,"Five Below, Inc.",0,,,,0,0.6435012497745483,37.03388482712218,1,85,20251013,5.494981587118192,1
FMNB,Leonardo SpA,1,54,20251124,,-1,0.1818297871159498,7.377639203178364,0,,,,
FMS,Fresenius Medical Care AG,0,,,,0,0.9959472345049902,-4.27698574338081,1,69,20251104,-9.108159392789382,-1
FRCOY,Fast Retailing Co. Ltd.,0,,,,0,1.0936938063890669,32.16587295602576,1,7,20260204,-6.935563207083112,-1
FRPT,"Freshpet, Inc.",0,,,,0,0.8828088781843489,5.021963578842041,1,70,20251103,8.250355618776675,1
FTAG,First Trust Indxx Global Agriculture ETF,1,14,20260126,0.47736916548797037,1,0.5026091278058478,15.528253384027636,0,,,,
FTNT,"Fortinet, Inc.",0,,,,0,1.2598499687266498,-3.664162190097705,1,15,20260123,7.5753671734089085,1
FUTU,Futu Holdings Limited,0,,,,0,0.9967151899646208,-6.015034583770421,1,85,20251013,6.594437257438547,1
FVRR,Fiverr International Ltd.,0,,,,0,1.2340054412572647,-39.46071912560006,0,,,,
FWRG,"First Watch Restaurant Group, Inc.",0,,,,0,1.088922730346107,-8.533818534547565,1,69,20251104,10.599369085173512,1
FXI,iShares China Large-Cap ETF,0,,,,0,1.15375951139964,-0.534823191760433,0,,,,
G1A,GEA Group Aktiengesellschaft,0,,,,0,0.07711482709593602,6.543454272690026,0,,,,
GAP,"Gap, Inc. (The)",0,,,,0,0.500075705769819,16.557530008193215,1,56,20251121,5.594102341717271,1
GBF,Bilfinger SE,0,,,,0,0.10734743086448215,26.471619789458305,0,,,,
GBF,Bilfinger SE,0,,,,0,1.649050211584981,25.884139385213263,0,,,,
GCT,GigaCloud Technology Inc,0,,,,0,0.8970959656065001,23.14306686706971,1,66,20251107,9.151610369206592,1
GD,General Dynamics Corporation,0,,,,0,1.1474974356975367,8.03164503071219,0,,,,
GDDY,GoDaddy Inc.,0,,,,0,1.0347708877473851,-38.313797408030474,0,,,,
GE,GE Aerospace,0,,,,0,0.8291925260413756,12.6106746822169,0,,,,
GEHC,GE HealthCare Technologies Inc.,0,,,,0,1.5763500290830905,5.557676023074584,0,,,,
GEV,GE Vernova Inc.,1,44,20251210,,1,0.6082534007068563,35.597844783211364,1,38,20251218,5.716472101466956,1
GIL,"Gildan Activewear, Inc.",0,,,,0,0.8030163606685585,29.1610758558834,0,,,,
GILD,"Gilead Sciences, Inc.",0,,,,0,0.9210870251378168,31.39950477190135,0,,,,
GIS,"General Mills, Inc.",0,,,,0,0.7696558645160704,-2.2027643802804047,0,,,,
GLE,Societe Generale S.A. Class A,0,,,,0,0.29917350165789675,19.99104701019104,0,,,,
GLUX,Amundi Global Luxury -UCITS ETF EUR C- Capitalisation,0,,,,0,0.3723624327678941,4.760247302241324,0,,,,
GM,General Motors Company,1,79,20251021,,1,0.6979106761859917,28.8644023214028,1,13,20260127,5.287674682110019,1
GNFC,Gujarat Narmada Valley Fertilizers & Chemicals Ltd.,0,,,,0,0.6417069160823826,-9.467446014762043,0,,,,
GNRC,Generac Holdings Inc.,1,2,20260211,7.17347956131606,1,2.504625486384019,40.482315313792895,1,2,20260211,5.320899616017547,1
GOLD,GOLD (US$/OZ),0,,,,0,0,29.456842241459203,0,,,,
GOOGL,Alphabet Inc.,0,,,,0,1.0049080438049693,25.886205409211428,1,6,20260205,-6.251501321162621,-1
GOOS,"Canada Goose Holdings, Inc.",1,6,20260205,,-1,0.887590438697076,-3.753831249152966,1,6,20260205,-17.127071823204425,-1
GPK,Graphic Packaging Holding Company,1,8,20260203,10.83991385498923,-1,1.0307281816386669,-34.84812321153637,1,8,20260203,-6.021650879566975,-1
GS,"Goldman Sachs Group, Inc. (The)",0,,,,0,1.1410431415529287,18.016100252013366,0,,,,
GSK,GSK plc,1,6,20260205,2.6900381811870955,1,1.2894903639051793,35.48652606845353,1,7,20260204,6.036745406824144,1
GTLB,GitLab Inc.,1,49,20251203,,-1,0.7875953233733056,-31.994276472608764,1,49,20251203,-10.560295134885862,-1
GTLS,"Chart Industries, Inc.",0,,,,0,2.1058149304867437,9.149398007576098,0,,,,
GVA,Granite Construction Incorporated,0,,,,0,1.307721864165953,25.672611951616126,0,,,,
H,Hyatt Hotels Corporation,0,,,,0,1.1782450999951872,12.503124803371158,0,,,,
H5P,Hikma Pharmaceuticals Plc,1,66,20251106,3.2786885245901716,-1,0.07357950674478812,-12.521028598894423,0,,,,
HAG,HENSOLDT AG,0,,,,0,0.24010832284153763,-8.250672471254322,0,,,,
HD,"Home Depot, Inc. (The)",1,59,20251118,,-1,0.6158395694112604,3.953903534871343,1,59,20251118,-5.041476971203518,-1
HDSN,"Hudson Technologies, Inc.",1,67,20251106,,-1,0.7918667514862326,-9.447999902105886,1,51,20251201,5.588235294117646,1
HEI,Heidelberg Materials AG,1,1,20260212,,-1,5.871148316836721,-6.959095019502614,0,,,,
HELE,Helen of Troy Limited,1,87,20251009,1.0492317101139046,-1,0.6493899469256726,-23.08103199615406,1,25,20260108,-8.44402277039847,-1
HEN3,Henkel AG & Co. KGaA Pref,0,,,,0,0.1072965661437407,17.29167993095492,0,,,,
HG1!,Copper Futures,1,12,20260128,17.512786512597085,1,0.09478632602440211,12.804364541759828,0,,,,
HHH,Howard Hughes Holdings Inc.,1,65,20251110,,1,0.6901594295752006,6.798369488557358,0,,,,
HIMS,"Hims & Hers Health, Inc.",1,4,20260209,8.4753787878788,-1,1.272439459426629,-64.16022796733523,1,4,20260209,-22.545612510860128,-1
HLIO,"Helios Technologies, Inc.",0,,,,0,0.7852724268136718,55.53186655715368,1,69,20251104,-6.3626723223754,-1
HLT,Hilton Worldwide Holdings Inc.,1,2,20260211,0.015473128589694438,1,1.2978108194169897,15.942392160345578,0,,,,
HMC,"Honda Motor Company, Ltd.",0,,,,0,0.7120798603590189,2.544080563895575,0,,,,
HMI,Hermes International S.A.,1,9,20260203,0.7224713502740409,-1,0.4307495468600064,-5.060316820426535,0,,,,
HNR1,Hannover Rueck SE,0,,,,0,0.6965706775002987,-4.763740818569129,0,,,,
HO,Thales SA,0,,,,0,0.23266041709772464,2.136431784107899,0,,,,
HOOD,"Robinhood Markets, Inc.",1,7,20260204,5.0747674555516324,-1,1.5320586922007666,-28.200611102867757,1,2,20260211,-9.024532710280369,-1
HPE,Hewlett Packard Enterprise Company,0,,,,0,0.7772696557656995,4.648776291909707,1,47,20251205,-8.733624454148472,-1
HPQ,HP Inc.,0,,,,0,1.2594254298615337,-23.475469239204685,0,,,,
HRPK,7C Solarparken AG,1,78,20251022,1.9975031210986285,-1,0.030589848988262256,-8.184755226295898,0,,,,
HSBC,"HSBC Holdings, plc.",0,,,,0,3.3344658199114154,23.74834687322878,0,,,,
HUBS,"HubSpot, Inc.",1,2,20260211,2.6372093023255756,-1,3.0923584617207664,-47.65379635555795,1,1,20260212,8.751731715473172,1
HUM,Humana Inc.,1,13,20260127,,-1,1.4165940927883882,-27.367657539886164,1,2,20260211,-5.703254274682848,-1
HWM,Howmet Aerospace Inc.,1,1,20260212,4.790239726027396,1,1.352866854105507,31.76444071600752,0,,,,
IBE,Iberdrola SA,1,28,20260107,,1,0.190882769142918,18.620139109609752,0,,,,
IBEX35,IBEX 35,0,,,,0,,14.726574682518393,0,,,,
IBM,International Business Machines Corporation,1,1,20260212,,-1,1.5002503187067042,-6.333267647386406,1,11,20260129,8.056839815066626,1
IDXX,"IDEXX Laboratories, Inc.",1,70,20251103,8.627839884601526,1,0.9866887065913262,1.3042346771710691,1,70,20251103,10.08562215056155,1
IFX,Infineon Technologies AG,0,,,,0,0.09829947351880808,20.148576214288504,1,13,20260128,6.805293005671084,1
IIPR,"Innovative Industrial Properties, Inc.",0,,,,0,0.5810524713464904,-13.471863755392743,1,42,20251212,6.1984264056803,1
IND20000,IGBM Index,0,,,,0,0,14.24559707231128,0,,,,
ING,"ING Group, N.V.",1,8,20260203,0.7004398110441434,1,3.9165129401545715,14.341817388441003,1,72,20251030,5.626810095159286,1
INSURANCE,Insurance stocks: Covering all bases,0,,,,0,,0.006162525613934256,0,,,,
INTC,Intel Corporation,0,,,,0,0.668117308004566,49.79007300625377,1,12,20260128,6.077851126792629,1
INTU,Intuit Inc.,1,8,20260203,10.794870741029968,-1,1.7779088174409532,-40.5752719854848,1,56,20251121,5.045180722891561,1
IRM,Iron Mountain Incorporated (Delaware),1,58,20251119,,-1,1.7921772319824028,14.965810154109377,0,,,,
ISRG,"Intuitive Surgical, Inc.",1,78,20251022,,1,1.0337652630664926,-5.839605411664425,1,78,20251022,17.344513117517394,1
JACK,Jack In The Box Inc.,0,,,,0,0.6845736066413758,4.4720645579907385,0,,,,
JAZZ,Jazz Pharmaceuticals plc,1,60,20251117,40.954669760503855,1,0.439140039171387,22.92886464871203,1,60,20251117,19.089813567732335,1
JD,"JD.com, Inc.",0,,,,0,0.9524451315618453,-14.609714639447086,0,,,,
JNJ,Johnson & Johnson,0,,,,0,1.4546214371082666,32.430877691149625,0,,,,
JP10,Japan 10 Year LSEG Government Bonds,0,,,,0,,-0.10354426095186607,0,,,,
JPM,JP Morgan Chase & Co.,0,,,,0,0.8649809232447282,1.8729058476159286,0,,,,
JXN,Jackson Financial Inc.,0,,,,0,1.2217044562616317,17.764482418373394,0,,,,
KBR,"KBR, Inc.",0,,,,0,0.7079688770118625,-11.630817949856317,1,98,20250924,9.009197324414705,1
KER,Kering SA,0,,,,0,0.13292934195791156,11.049615893707447,1,4,20260210,14.362726222564504,1
KHC,The Kraft Heinz Company,1,73,20251029,10.169491525423735,-1,0.9263666855461384,-4.1972609301557275,1,17,20260121,-6.439393939393943,-1
KIE,State Street SPDR S&P Insurance ETF,0,,,,0,1.282721019291156,-1.8709427819630005,0,,,,
KKR,KKR & Co. Inc.,1,8,20260203,12.363173525668216,-1,0.8048127069524722,-21.032530902338976,1,66,20251107,-5.883832034196628,-1
KO,Coca-Cola Company (The),0,,,,0,0.9179138731876033,11.993224609187445,0,,,,
KOG,Kongsberg Gruppen ASA,1,6,20260206,9.296852015298624,1,0.18283002792469746,18.850360622956426,1,6,20260206,10.748172344065955,1
KR,Kroger Company (The),0,,,,0,0.9299008603253293,5.904845425375208,1,4,20260209,5.555555555555555,1
KRUS,"Kura Sushi USA, Inc.",1,66,20251107,26.454545454545457,-1,0.856936758140152,-0.5487156586399269,0,,,,
KTOS,"Kratos Defense & Security Solutions, Inc.",1,25,20260108,150.88741415232658,1,0.5800782210331652,26.46463470308291,1,25,20260108,8.847331583552059,1
LDO,Leonardo SpA,1,27,20260108,4.165183339266649,1,0.24176518910405095,9.940758340915771,0,,,,
LEVI,Levi Strauss & Co,0,,,,0,1.067673395396855,6.740327723498124,1,11,20260129,-6.399609184171953,-1
LHA,Deutsche Lufthansa AG,0,,,,0,0.1420493612251884,18.385348194105358,0,,,,
LI,Li Auto Inc.,0,,,,0,0.5756718496726775,-19.929732484628897,0,,,,
LIN,Linde plc,1,70,20251103,0.5525128477332546,-1,1.5606652834827883,6.20360423237934,0,,,,
LITE,Lumentum Holdings Inc.,1,7,20260204,0.33189655172414234,1,1.0446921714903712,180.26767221173213,1,3,20260210,-5.012561725721207,-1
LLY,Eli Lilly and Company,0,,,,0,0.8148368514996909,20.42200966965583,1,7,20260204,7.141291132680909,1
LMND,"Lemonade, Inc.",1,68,20251105,24.023314429741664,1,0.9974453986928618,12.582746376286996,1,68,20251105,15.410842141152415,1
LMT,Lockheed Martin Corporation,0,,,,0,0.8860618980525995,34.479043623981276,1,25,20260108,7.04812123895586,1
LNC,Lincoln National Corporation,0,,,,0,1.4741368874471619,4.950220528961406,1,1,20260212,7.376623376623385,1
LNT,Alliant Energy Corporation,0,,,,0,1.2749295964107656,9.632118714998814,0,,,,
LO3,Lonza Group AG,0,,,,0,6.365348399246704,-2.4442845661467167,0,,,,
LOGI,Logitech International S.A. - Registered Shares,1,12,20260128,,-1,1.4702199330043686,-10.443552819748541,1,25,20260108,-5.0952858575727165,-1
LOR,L'Oreal S.A.,0,,,,0,0.40989178767649975,2.0780119287989973,0,,,,
LOVE,The Lovesac Company,0,,,,0,0.412422285361981,-20.04738377105832,1,43,20251211,-14.556040756914118,-1
LOW,"Lowe's Companies, Inc.",1,59,20251118,,-1,0.7305628540155613,18.185987584898886,0,,,,
LRCX,Lam Research Corporation,1,37,20251219,,1,0.8257370195310549,74.77880867237714,1,20,20260115,9.270079984673604,1
LRLCF,L'Oreal Co.,0,,,,0,5.969271676950013,2.069135667066084,1,11,20260129,8.395089285714288,1
LULU,lululemon athletica inc.,0,,,,0,0.5009501559693246,-15.897793556542075,1,38,20251218,7.704334439794096,1
LUMN,"Lumen Technologies, Inc.",1,73,20251029,,1,1.1093963443236734,34.12197266405561,1,5,20260206,5.939004815409297,1
LYB,LyondellBasell Industries NV,0,,,,0,0.6279652548485545,9.906252503939484,1,71,20251031,6.349557522123887,1
LYFT,"Lyft, Inc.",1,2,20260211,,-1,1.5772477704915786,-25.676687991912395,1,2,20260211,-15.637982195845707,-1
LYTS,LSI Industries Inc.,0,,,,0,0.9380168346590817,14.897879909226583,1,16,20260122,11.62904808635918,1
M,Macy's Inc,0,,,,0,0.9741439040775088,28.94764296466321,1,49,20251203,-5.812417437252313,-1
MA,Mastercard Incorporated,0,,,,0,1.1470930964832466,-8.106829799085192,0,,,,
MAR,Marriott International,1,3,20260210,,1,0.9979130888004426,25.801277066568275,1,3,20260210,5.6459647957489345,1
MAT1,Panasonic Holdings Corporation,1,41,20251211,3.73443983402489,1,0.03455381441322831,30.084938108891457,1,7,20260205,8.553191489361708,1
MBG,Mercedes-Benz Group AG,1,73,20251029,,1,0.16496265092445092,5.0581290853971,0,,,,
MBLY,Mobileye Global Inc.,0,,,,0,0.8070683369696278,-32.729312342048395,1,16,20260122,-5.468750000000005,-1
MC,LVMH Moet Hennessy Louis Vuitton SE,0,,,,0,0.19804150677736204,-3.78230144109052,1,13,20260128,-5.650772102494478,-1
MCD,McDonald's Corporation,0,,,,0,1.0754086533120124,6.739533771309297,0,,,,
MCHA,Cie Generale des Etablissements Michelin SA,1,80,20251014,,-1,1.1100539960508953,11.363595814701117,0,,,,
MCHI,iShares MSCI China ETF,0,,,,0,1.510598982991408,0.46934249183102617,0,,,,
MCHS,Matthews China Discovery Active ETF,0,,,,0,2.5139595483310586,21.421900872104363,0,,,,
MCK,McKesson Corporation,1,6,20260205,29.802545094797324,1,1.1581559470286276,22.236655526643233,0,,,,
MCO,Moody's Corporation,1,3,20260210,5.362548000903549,-1,2.2688176747347493,-13.484290168058896,1,3,20260210,-7.382027721538702,-1
MDT,Medtronic plc.,1,59,20251118,,1,1.337766670624778,6.525760143047998,0,,,,
MDY,State Street SPDR S&P MIDCAP 400 ETF Trust,1,5,20260206,3.015059578080307,1,0.9360655197363065,10.16678247842584,0,,,,
MELI,"MercadoLibre, Inc.",1,57,20251120,4.561553339529274,-1,0.7882819771895501,-12.671872376353596,1,75,20251027,6.426789936652917,1
MESGG,MIB ESG GR,0,,,,0,,7.298038697398016,0,,,,
MESGN,MIB ESG NR,0,,,,0,,7.016260407000373,0,,,,
MESGP,MIB ESG,0,,,,0,,6.198591995643872,0,,,,
MET,"MetLife, Inc.",0,,,,0,0.8622837346414499,-1.8093073498228422,0,,,,
META,"Meta Platforms, Inc.",1,11,20260129,-2.7458160718166944,1,0.7299326748732139,-7.1259463811552,1,11,20260129,10.273204432282077,1
MFC,Manulife Financial Corporation,0,,,,0,0.5888067037142488,9.887698152297734,0,,,,
MFC,Manulife Financial Corporation,0,,,,0,2.1037733498157456,11.579777872185455,0,,,,
MKSI,MKS Inc.,1,12,20260128,1.261207155420187,1,1.3836089429965492,96.7021052081661,1,20,20260115,7.7246452968996255,1
MLI,"Mueller Industries, Inc.",1,37,20251219,,1,0.8767636342428178,20.94288065976934,1,8,20260203,-10.90673947406237,-1
MLM,"Martin Marietta Materials, Inc.",0,,,,0,1.3081247785515335,12.550025871949263,0,,,,
MLR,"Miller Industries, Inc.",0,,,,0,0.5337605867917834,7.031226474750718,0,,,,
MNSO,MINISO Group Holding Limited,0,,,,0,0.45340189972440825,-4.9425437612069585,1,6,20260205,5.658324265506,1
MOD,Modine Manufacturing Company,0,,,,0,0.8754379024764086,62.90456200493752,1,11,20260129,15.724982981620144,1
MOH,LVMH Moet Hennessy Louis Vuitton SE,1,81,20251015,,1,0.3733010990796985,-3.4026867985374283,0,,,,
MONC,Moncler SpA,0,,,,0,0.14042639742470883,-2.5913134303381122,1,83,20251015,6.907894736842104,1
MOS,Mosaic Company (The),1,67,20251106,,-1,0.5932361194206833,-4.546515464913233,1,86,20251010,-8.492822966507168,-1
MPC,Marathon Petroleum Corporation,0,,,,0,0.7006109388369476,14.898540959243881,1,69,20251104,-8.524439450431585,-1
MPLX,MPLX LP,0,,,,0,1.4530394805074907,9.515706629718066,0,,,,
MPWR,"Monolithic Power Systems, Inc.",0,,,,0,0.6153725041546214,34.14844005216177,1,5,20260206,8.132423290858917,1
MRK,"Merck & Company, Inc.",1,93,20251001,,1,0.6930824261185788,35.25466779555291,0,,,,
MRNA,"Moderna, Inc.",0,,,,0,1.3869470929968906,43.87484285514737,1,2,20260211,-10.453625431599002,-1
MRVL,"Marvell Technology, Inc.",1,49,20251203,-17.743377397817493,1,0.4591250763237716,1.2142230382421344,1,46,20251208,-8.553230209281159,-1
MS,Morgan Stanley,1,20,20260115,,1,1.3945698348593487,10.408064723704063,0,,,,
MSCI,MSCI Inc.,0,,,,0,1.5005708822823889,-6.857284098208713,0,,,,
MSFT,Microsoft Corporation,1,11,20260129,,-1,1.0909448057310187,-17.657941709118834,1,11,20260129,-8.64564084463177,-1
MSTR,Strategy Inc,1,6,20260205,11.715681420602705,-1,1.0601692432719625,-54.854818349486344,1,4,20260209,-5.602905210108947,-1
MTW,"Manitowoc Company, Inc. (The)",0,,,,0,1.420280283684337,24.259223857771058,1,3,20260210,-11.002691790040375,-1
MU,"Micron Technology, Inc.",0,,,,0,1.0282129354579053,113.64269989236384,1,2,20260211,5.930341594105825,1
MUV2,Munchener Ruckversicherungs-Gesellschaft AG,0,,,,0,0.3346613115090841,-3.5048056931075195,0,,,,
NCH2,thyssenkrupp nucera AG & Co. KGaA,1,54,20251125,,-1,0.18901844477145005,-0.7428363663385649,1,54,20251125,-5.961893054701899,-1
NCLH,Norwegian Cruise Line Holdings Ltd.,1,69,20251104,-22.73024167210972,-1,2.2932046763035077,-1.311446425639614,1,69,20251104,-8.025247971145182,-1
NDQ,US 100 Index,0,,,,0,,3.5513672474795857,0,,,,
NDX1,Nordex SE,1,74,20251028,30.702598652550524,1,0.17238266739486005,40.605136028477034,1,74,20251028,13.846153846153838,1
NEE,"NextEra Energy, Inc.",0,,,,0,1.0837899879919592,20.966077913502758,0,,,,
NEM,Newmont Corporation,0,,,,0,0.7989085869982483,57.06603640486083,1,8,20260203,5.2636242800177335,1
NET,"Cloudflare, Inc.",1,71,20251031,27.92283218019293,1,1.7309724946307203,0.6566193355275942,1,2,20260211,12.81809089898879,1
NFLX,"Netflix, Inc.",0,,,,0,0.8910538729078163,-31.1353548843898,1,17,20260121,-5.437772175108875,-1
NG1!,Henry Hub Natural Gas Futures,1,48,20251204,,1,0.11177412717637411,-16.695640080661953,1,5,20260208,-5.026300409117479,-1
NGD,New Gold Inc.,0,,,,0,1.0807905432792628,65.49330021472234,1,5,20260206,7.211028632025449,1
NI,NiSource Inc,0,,,,0,1.6280415521712481,11.12962206100385,0,,,,
NIO,NIO Inc.,0,,,,0,0.6655774624357255,-4.741744284504615,1,5,20260206,6.170212765957447,1
NKE,"Nike, Inc.",1,37,20251219,0.8109477952356765,-1,1.1248406987155428,-6.032426478523147,1,37,20251219,-9.797348773426776,-1
NOC,Northrop Grumman Corporation,0,,,,0,0.765363077059373,23.598277888975932,1,25,20260108,7.083066151366528,1
NOV,Novo Nordisk A/S Class B,0,,,,0,0.43925012583474116,-17.164153532367756,1,33,20251223,7.807734537025748,1
NOV,Novo Nordisk A/S Class B,0,,,,0,0.13532464319331522,-18.13953673402503,1,34,20251223,7.326635628522409,1
NOW,"ServiceNow, Inc.",1,11,20260129,5.695588948133783,-1,1.5545459996046933,-39.05344039430169,1,11,20260129,-8.555778429254747,-1
NPO,Enpro Inc.,0,,,,0,0.6966982474547886,27.02416664705913,0,,,,
NQ1!,E-mini Nasdaq-100 Futures,0,,,,0,0.0648222694809557,3.356431898339271,0,,,,
NRG,"NRG Energy, Inc.",0,,,,0,1.7411829679026245,9.829081479031695,0,,,,
NSRGY,Nestle S.A.,0,,,,0,0.7014351598847421,6.417110828900896,1,82,20251016,8.411116937598333,1
NTLA,"Intellia Therapeutics, Inc.",1,88,20251008,13.866914844113545,1,0.5431438376104303,-1.0031045993525929,1,13,20260127,18.351254480286755,1
NTT,NTT Inc,0,,,,0,0.8549058534928841,-5.356802705900116,1,68,20251105,-5.81980973698936,-1
NTU,Northern Minerals Limited,1,83,20251014,41.99999999999998,1,0.18882508342422333,-20.844327176780975,1,52,20251128,6.250000000000005,1
NUE,Nucor Corporation,0,,,,0,1.4536628826335964,26.218668349306917,0,,,,
NUS,"Nu Skin Enterprises, Inc.",1,0,20260213,,-1,3.717477691112236,-14.76954132555782,1,99,20250923,9.034267912772586,1
NUUU,REJUVEL BIO-SCIENCES INC,0,,,,0,0.03679655248684165,-90.8634079488357,1,20,20250925,-99,-1
NVDA,NVIDIA Corporation,1,73,20251029,1.9148412503076477,1,0.8994400041912747,6.485348580641917,1,57,20251120,5.055758095646567,1
NVI,Novra Technologies Inc.,0,,,,0,6.06811726532743,85.4493580599142,1,1,20260212,11.111111111111121,1
NVS,Novartis AG,1,7,20260204,0.28200419727177783,1,0.9912723521728497,28.165736921554796,0,,,,
NVTS,Navitas Semiconductor Corporation,1,84,20251014,20.7492795389049,1,0.743804542173962,8.566271206393694,1,18,20260120,-5.682859761686535,-1
NXPI,NXP Semiconductors N.V.,0,,,,0,0.6451084032273107,11.81068072636901,0,,,,
NYFANG,NYSE FANG+ Index,0,,,,0,,-7.331771059406085,0,,,,
OKLO,Oklo Inc.,0,,,,0,0.5039236174627022,-20.930680436692796,1,17,20260121,7.183364839319463,1
OKTA,"Okta, Inc.",0,,,,0,0.8284951668365502,-7.426316875494974,1,49,20251203,-7.6584829607915115,-1
OMXS30,OMX Stockholm 30 Index,1,8,20260204,,1,0.23884739483998532,16.080328649462057,0,,,,
ON,ON Semiconductor Corporation,0,,,,0,0.9707703106610195,37.63612200076514,0,,,,
ONON,On Holding AG,0,,,,0,0.6289980228718326,-4.502851841309001,1,63,20251112,24.616259238203536,1
ORCL,Oracle Corporation,0,,,,0,0.6415064811701013,-27.40807527366462,1,43,20251211,-14.524012376126624,-1
ORI,Old Republic International Corporation,1,61,20251114,,1,0.7056852155700953,5.468924202107873,1,16,20260122,-12.186920222634498,-1
OXY,Occidental Petroleum Corporation,0,,,,0,0.8431592484592829,6.247059583221875,0,,,,
P3W7,Invesco Golden Dragon China ETF,0,,,,0,,-5.1735835158658965,1,77,20251010,-6.527093596059115,-1
P911,Porsche AG,0,,,,0,0.0869885053484418,-5.628765446451264,1,100,20250922,-6.114037096404858,-1
PAH3,Porsche Automobil Holding SE Pref,0,,,,0,0.08412874204246999,-0.7713768075671478,0,,,,
PANW,"Palo Alto Networks, Inc.",0,,,,0,1.5363759838237954,-13.61196299673613,0,,,,
PC6,"PetroChina Co., Ltd. Class H",1,69,20251103,,1,0.8306074847371742,16.06128454148306,1,12,20260128,5.763440860215051,1
PCAR,PACCAR Inc.,0,,,,0,0.9885133012225743,24.200216616913337,0,,,,
PDD,PDD Holdings Inc.,0,,,,0,0.7394188390144445,-13.800161732145686,1,22,20260113,-5.317948286027127,-1
PEG,Public Service Enterprise Group Incorporated,0,,,,0,1.180909851885365,5.51037298778084,0,,,,
PEP,"PepsiCo, Inc.",1,8,20260203,,1,1.080847176844687,16.077613350814413,0,,,,
PFE,"Pfizer, Inc.",0,,,,0,0.7344613160926481,11.03171328213846,0,,,,
PG,Procter & Gamble Company (The),1,46,20251208,,-1,1.2527039503987076,4.1669039223488875,0,,,,
PGJ,Invesco Golden Dragon China ETF,0,,,,0,1.559350129425247,-3.271023393564588,0,,,,
PGR,Progressive Corporation (The),1,83,20251015,,-1,1.004752809321595,-14.843539628428756,1,29,20260102,-5.875636746882134,-1
PLTR,Palantir Technologies Inc.,1,7,20260204,,-1,1.1022486103572577,-18.25716894301158,1,8,20260203,11.701407688142949,1
PLUG,"Plug Power, Inc.",1,91,20251003,,1,0.8231478463306275,-1.3202721054337645,1,58,20251119,-19.39252336448598,-1
PMC,"Pro Medicus, Ltd.",1,20,20260119,,-1,0,-54.71270874610813,1,1,20260213,-6.41025641025641,-1
PMTS,CPI Card Group Inc.,0,,,,0,1.6770564935673873,-34.04714643793742,1,65,20251110,5.507246376811593,1
PPG,"PPG Industries, Inc.",0,,,,0,0.7990878286008808,21.201774562300027,0,,,,
PPL,PPL Corporation,0,,,,0,1.492805398398644,6.037507053162373,0,,,,
PPX,Kering SA,0,,,,0,0.43284176962933435,13.811408026018105,0,,,,
PRP,Prada S.p.A.,0,,,,0,0.2811562594720394,-12.694125656772043,1,68,20251030,-6.517094017094012,-1
PRU,"Prudential Financial, Inc.",0,,,,0,1.097176601755006,-1.774509541562796,0,,,,
PTLO,Portillo's Inc.,0,,,,0,0.48182756749128725,-29.350581385840595,1,69,20251104,-5.916030534351155,-1
PWCO,"PwrCor, Inc.",0,,,,0,0.12409425620328907,-87.98918037107074,1,2,20260129,-40.8284023668639,-1
PWR,"Quanta Services, Inc.",0,,,,0,0.844647034716632,28.370088358536833,0,,,,
PX1,CAC 40 Index,0,,,,0,,4.80015424857575,0,,,,
PX1GR,CAC 40 GR,0,,,,0,,5.265976372446211,0,,,,
PYPL,"PayPal Holdings, Inc.",1,8,20260203,,-1,1.2471512230579795,-39.029995834699974,1,8,20260203,-18.048920313395758,-1
PZZA,"Papa John's International, Inc.",0,,,,0,1.493003704093924,-27.157158602169133,1,83,20251015,10.928512736236648,1
QCOM,QUALCOMM Incorporated,1,6,20260205,5.419471237249325,-1,1.3901402701086791,-12.469543973789419,1,6,20260205,-10.72603935791524,-1
QQ.,QinetiQ Group plc,0,,,,0,0.22812781630421122,3.2415134748871157,0,,,,
QQQ,"Invesco QQQ Trust, Series 1",0,,,,0,1.2183436082269707,3.555300589853283,0,,,,
QSR,Restaurant Brands International Inc.,1,1,20260212,-13.013115312553216,-1,1.4235106767689958,-2.358152481607296,0,,,,
QY6,QinetiQ Group plc,0,,,,0,0.34976816304623315,1.781579050657101,0,,,,
R3NK,RENK Group AG,0,,,,0,0.3760167669200845,-11.88555288927195,0,,,,
RACE,Ferrari N.V.,1,87,20251009,4.818868938446981,-1,1.4111352564787294,-12.832579019044617,1,3,20260210,7.773778002558533,1
RAIL,"Freightcar America, Inc.",1,35,20251223,4.527938342967233,1,0.527993808583087,41.23834236963588,0,,,,
RCL,Royal Caribbean Cruises Ltd.,1,11,20260129,-5.59890859481582,1,1.0002349985461212,7.4729169829636986,1,11,20260129,8.419067215363496,1
RDDT,"Reddit, Inc.",1,5,20260206,,-1,1.4571275798814556,-25.573547351798574,1,5,20260206,6.9380999668983705,1
REGN,"Regeneron Pharmaceuticals, Inc.",1,57,20251120,,1,1.0321696555317499,27.837607068193932,0,,,,
REZI,"Resideo Technologies, Inc.",0,,,,0,0.572509112196861,13.57314817603045,1,67,20251106,-24.500730638090605,-1
RHK,RHON-KLINIKUM AG,0,,,,0,0,4.7977730473228535,0,,,,
RHM,Rheinmetall AG,1,54,20251124,5.72289156626506,-1,0.20501256074576085,-6.591330606639248,0,,,,
RHO6,Roche Holding Ltd Sponsored ADR,1,83,20251008,,1,0.3850306975596211,28.97336974410043,0,,,,
RIO,Rio Tinto Plc,0,,,,0,0.9040282468188157,42.49938427537373,0,,,,
RIOT,"Riot Platforms, Inc.",0,,,,0,1.0824928041569315,7.171022983325807,1,5,20260206,7.8772802653399605,1
RITN,Compagnie Financiere Richemont SA,1,60,20251114,5.0837988826815605,1,2.0808510638297872,5.296253412378584,1,60,20251114,6.821438807681288,1
RIVN,"Rivian Automotive, Inc.",0,,,,0,3.3546588777113,19.280081134674443,1,68,20251105,6.680000000000007,1
RL,Ralph Lauren Corporation,0,,,,0,0.8163650412933865,17.481489378121115,1,6,20260205,-8.23935720327036,-1
RMBS,"Rambus, Inc.",1,17,20260121,9.934526407682243,1,0.6677244982501991,21.56557863784548,1,6,20260205,-5.002726957211564,-1
RMS,Hermes International S.A.,0,,,,0,0.15412196839759545,-4.4904524628112,1,85,20251015,5.923000987166831,1
RNO,Renault SA,0,,,,0,0.12776474178247504,-11.41026435144074,0,,,,
ROG,Roche Holding Ltd Dividend Right Cert.,1,58,20251118,,1,0.5426957650571543,26.33844611423406,0,,,,
ROKU,"Roku, Inc.",1,6,20260205,,-1,4.342285539747794,-2.7389367700492566,0,,,,
RONN,RONN,0,,,,0,0.5810795769853482,-98.68134766268872,1,1,20260212,9900.000000000002,1
ROOT,"Root, Inc.",0,,,,0,0.8947056874181677,-40.223991948371456,1,67,20251106,-10.110335510020255,-1
RTX,RTX Corporation,1,79,20251021,,1,0.9221407738002988,22.410943682766792,1,79,20251021,6.906850849355979,1
RWE,RWE AG,1,63,20251112,24.03388035997882,1,0.31771100979559097,24.300093799608575,0,,,,
RYAAY,Ryanair Holdings plc,1,36,20251222,8.827031854718655,1,2.329473425730304,5.464201916681766,0,,,,
RYAM,Rayonier Advanced Materials Inc.,0,,,,0,0.6637657452118534,43.296871467575585,1,68,20251105,-6.584992343032169,-1
S,"SentinelOne, Inc.",1,47,20251205,,-1,0.5587573609156665,-18.526546424302236,1,47,20251205,-9.958750736593986,-1
SAAB_B,Saab AB Class B,0,,,,0,0.44450981086048735,17.15633567517048,0,,,,
SAF,Safran SA,0,,,,0,0.2179331956413361,14.935171650246975,1,1,20260213,5.434428896843471,1
SAN,Sanofi SA,0,,,,0,0.23151456982240853,-7.377603149018844,1,42,20251215,-5.904944791166572,-1
SAP,SAP SE,1,12,20260129,28.51932262266609,-1,0.4221163637496912,-25.90803421709601,1,12,20260129,-8.738656061996526,-1
SAP,SAP SE,1,11,20260129,15.497193263833205,-1,0.9251570129293655,-25.176029631401825,0,,,,
SBUX,Starbucks Corporation,0,,,,0,0.9264624397301664,6.563167422279724,1,12,20260128,6.874216464688673,1
SCCO,Southern Copper Corporation,1,11,20260129,3.2166790766939797,1,0.9019518114762006,63.32558379381704,1,8,20260203,6.2499999999999964,1
SCHW,Charles Schwab Corporation (The),1,37,20251219,0.3248730964466936,1,1.2388920767121212,-0.7022465957779891,0,,,,
SDV1,Saab AB Class B,1,29,20260105,2.9767441860465143,1,0.2118812597172506,25.090973612365524,0,,,,
SDV1,Saab AB Class B,0,,,,0,0.3148476726188229,20.742571982042556,1,25,20260112,6.065628107391443,1
SE,Sea Limited,1,64,20251111,,-1,0.9862292526633485,-30.396247109624912,1,82,20251016,6.773956676049457,1
SEE,Sealed Air Corporation,1,62,20251113,,1,0.719037560982797,18.40836342020287,1,62,20251113,21.687740516767455,1
SEJ1,Safran SA,1,0,20260213,16.585365853658544,1,8.791519434628976,16.03209088371313,0,,,,
SEJ1,Safran SA,0,,,,0,0.7753337450710247,14.78675659911339,0,,,,
SG,"Sweetgreen, Inc.",1,66,20251107,5.245901639344252,-1,1.2150833251338005,-47.26853039240826,1,62,20251113,8.19366852886405,1
SHAK,"Shake Shack, Inc.",0,,,,0,0.8537525087271916,-15.38386591582447,0,,,,
SHD,"Shiseido Company,Limited",1,1,20260212,,1,0.8899169955095931,27.348313424196263,1,1,20260212,7.070707070707055,1
SHELL,Shell Plc,1,27,20260108,-0.8671994558748478,-1,0.12377765264312625,6.569510742492665,0,,,,
SIE,Siemens Aktiengesellschaft,0,,,,0,0.38987307501004953,4.703927258324164,1,2,20260212,5.990243902439033,1
SILVER,SILVER (US$/OZ),0,,,,0,0,51.15900609986049,1,10,20260201,-5.0769340771016935,-1
SJM,The J.M. Smucker Company,0,,,,0,1.296881917419017,4.376582929947706,0,,,,
SMCI,"Super Micro Computer, Inc.",0,,,,0,0.7539887626478216,-26.768780336913967,1,7,20260204,11.054937647455345,1
SNOW,Snowflake Inc.,0,,,,0,1.4618662170163872,-16.51876518847625,1,48,20251204,-7.9245283018867925,-1
SNPS,"Synopsys, Inc.",0,,,,0,0.8035541036856152,-12.163242651177507,1,51,20251201,6.696012057127822,1
SNW,Sanofi SA,0,,,,0,3.4469136709814334,-7.729106853243217,0,,,,
SNY,Sanofi,0,,,,0,2.670437289713553,-6.217976450541076,0,,,,
SOFI,"SoFi Technologies, Inc.",1,74,20251028,,1,0.7712613941074463,-15.224928453470962,1,47,20251205,-7.550675675675686,-1
SON,Sonoco Products Company,0,,,,0,1.5724750276842205,15.504726819137964,0,,,,
SOUN,"SoundHound AI, Inc.",0,,,,0,0.7523974905726316,-39.83434281520428,1,57,20251120,7.222699914015475,1
SPGI,S&P Global Inc.,1,3,20260210,8.028159324909993,-1,2.2226806155106846,-20.12375610264628,1,3,20260210,-5.67775051216821,-1
SPOT,Spotify Technology S.A.,1,7,20260204,5.1072721006376085,-1,1.3577604144444746,-28.597199970836968,1,3,20260210,11.556262655481632,1
SPX,S&P 500,0,,,,0,1.049696058156295,5.09568759595137,0,,,,
SPY,SPDR S&P 500 ETF TRUST,0,,,,0,1.1637262735606944,5.102152586125751,0,,,,
SPYT,SPDR MSCI Europe Communication Services UCITS ETF,0,,,,0,0.0020105554159336515,-0.25804536494793945,0,,,,
SRT,Sartorius AG,0,,,,0,0.22719896137617657,1.2344984674222854,1,82,20251016,5.990783410138252,1
SSDOF,"Shiseido Company, Ltd.",0,,,,0,0.008504522279722242,-63.388027147788215,1,3,20260115,10.389610389610388,1
SSDOY,"Shiseido Company, Ltd.",1,57,20251120,,-1,0.757362766522366,31.078620426434313,1,21,20260114,5.633802816901413,1
SSU,"Samsung Electronics Co., Ltd. Sponsored GDR",1,2,20260212,2.4,1,0.2185792349726776,99.90192078044106,1,5,20260209,6.167400881057269,1
ST5,Steico SE,1,7,20260205,-1.7307692307692282,1,0.10731531458340739,3.0713031759260985,1,24,20260113,-5.466970387243732,-1
STLAP,Stellantis N.V.,1,6,20260206,19.81627296587926,-1,0.26944939556992853,-23.970247316435383,1,6,20260206,-10.143154288510948,-1
STLD,"Steel Dynamics, Inc.",1,79,20251021,,1,2.000841631146806,29.764867184460076,0,,,,
STMEF,STMicroelectronics N.V.,0,,,,0,0.0065719671270858225,25.967817248381664,1,4,20260209,7.697412076974122,1
STRL,"Sterling Infrastructure, Inc.",0,,,,0,0.9738527791912612,47.85745672474976,1,57,20251120,5.23087051500732,1
STTX,SPDR MSCI Europe Communication Services UCITS ETF,1,60,20251104,,-1,0.003969934363751853,-1.6473132702691056,0,,,,
STX,Seagate Technology Holdings PLC,0,,,,0,0.9039238682149553,96.06078855567229,1,5,20260206,5.131335553089162,1
STXE,EU Stocks 50 Cash (10),0,,,,0,0.20563570911151036,6.869011276786089,0,,,,
SU,Suncor Energy Inc.,0,,,,0,0.565494831917155,34.249107743360966,0,,,,
SWKS,"Skyworks Solutions, Inc.",1,12,20260128,-15.3348633423743,-1,0.8511413316864428,-11.383003088751856,1,12,20260128,-8.609492089925054,-1
SYK,Stryker Corporation,0,,,,0,1.2628339903131223,-2.320576768908499,0,,,,
SYM,Symbotic Inc.,0,,,,0,0.43151444176061743,4.2476407924148205,1,48,20251204,-15.03414367659109,-1
T,AT&T Inc.,0,,,,0,0.9942715316192536,7.09079948563569,0,,,,
TAK,Takeda Pharmaceutical Company Limited,0,,,,0,1.049474927864079,23.38231976807343,0,,,,
TCHI,iShares MSCI China Multisector Tech ETF,0,,,,0,0.28465500272328553,4.716757638938084,0,,,,
TCMD,"Tactile Systems Technology, Inc.",1,69,20251104,32.814371257485035,1,0.37131069548252676,51.337650318481366,1,28,20260105,5.474452554744526,1
TCOM,Trip.com Group Limited,1,21,20260114,-12.710951526032312,-1,1.2637573731073413,-18.585180049704398,1,21,20260114,-16.715116279069772,-1
TE,T1 Energy Inc.,1,83,20251015,25.059665871121712,1,0.7131317361245118,81.92084332795655,1,36,20251222,5.754276827371697,1
TEAM,Atlassian Corporation,1,5,20260206,3.2778515266006414,-1,1.5211478865022872,-50.499420254231666,1,11,20260129,-7.123775601068563,-1
TECK,Teck Resources Ltd,1,17,20260121,,1,0.6392780070311163,42.36208446510917,1,8,20260203,5.516862170087973,1
TEM,"Tempus AI, Inc.",0,,,,0,0.6564606203468436,-25.865038694311366,1,23,20260112,13.686434283989751,1
TER,"Teradyne, Inc.",1,8,20260203,10.885579937304088,1,0.7753651182328004,117.35064784356366,1,73,20251029,17.75176617260008,1
TEVA,Teva Pharmaceutical Industries Limited,1,68,20251105,34.42622950819673,1,0.4982552686117549,54.12283108854356,1,68,20251105,12.707722385141729,1
TGT,Target Corporation,0,,,,0,0.9110863129566927,18.711768114158392,0,,,,
TJX,"TJX Companies, Inc. (The)",0,,,,0,0.6796491734489306,10.587939642726335,0,,,,
TKA,thyssenkrupp AG,0,,,,0,0.3581816154626419,34.721680587244066,1,80,20251020,18.392762317375897,1
TKA,thyssenkrupp AG,0,,,,0,1.4497821440075327,25.082383133782848,1,79,20251020,7.314198630477868,1
TKY,Tokyo Electron Ltd.,0,,,,0,0.048901416103508,39.39170652839144,1,11,20260129,-5.14767932489451,-1
TMDX,"TransMedics Group, Inc.",0,,,,0,0.5708486979702614,4.858741731441202,1,72,20251030,-5.077427039904701,-1
TMUS,"T-Mobile US, Inc.",0,,,,0,1.4103128364482753,-2.3540242709193175,0,,,,
TPR,"Tapestry, Inc.",0,,,,0,1.0722767742644523,43.41048407099278,1,6,20260205,6.088362068965537,1
TRV,"The Travelers Companies, Inc.",0,,,,0,1.1038501118720085,7.05143715853945,1,82,20251016,-6.253479309704953,-1
TSLA,"Tesla, Inc.",0,,,,0,0.741564687045435,8.380454235195277,0,,,,
TSM,Taiwan Semiconductor Manufacturing Company Ltd.,1,20,20260115,9.722081713468127,1,0.7991324381833006,38.51660272870445,1,85,20251013,6.2620252262524,1
TSN,"Tyson Foods, Inc.",1,55,20251124,,1,0.7040073403482167,13.622430212122596,1,65,20251110,5.172741078208051,1
TTD,"The Trade Desk, Inc.",0,,,,0,0.9960178044967688,-52.34424405803259,0,,,,
TUI1,TUI AG,1,39,20251215,3.647416413373853,1,0.3954394971807924,5.981553684554135,0,,,,
TUI1,TUI AG,1,40,20251215,16.486700026336578,1,0.2558944239763257,7.104587579581888,0,,,,
TWSI,Tristar Wellness Solutions Inc.,0,,,,0,10.066175517313297,75.58001260983735,1,1,20260122,-27.27272727272727,-1
TXN,Texas Instruments Incorporated,1,12,20260128,,1,0.6346771011224106,20.755136071111913,1,78,20251022,-9.334218093342178,-1
U,Unity Software Inc.,1,2,20260211,6.219886114761271,-1,2.1259056793242253,-46.98769194967802,1,2,20260211,-26.29948364888124,-1
U5MD,iShares US Medical Devices UCITS ETF USD,0,,,,0,4.474686989657049,-6.209123770928054,0,,,,
UAA,"Under Armour, Inc.",0,,,,0,0.6613558062352802,27.35243324624723,1,3,20260210,-5.343511450381679,-1
UBER,"Uber Technologies, Inc.",1,7,20260204,-21.919841662543295,-1,1.2476099328364991,-21.38441605267545,1,69,20251104,-7.771760930605696,-1
UHR,Swatch Group Ltd. Bearer,1,82,20251015,,1,0.12495865173199822,26.831718555296924,1,11,20260130,6.879454601797332,1
UIM3,UBS (Lux) Fund Solutions - UBS FTSE 100 UCITS ETF -GBP dis- Distribution,0,,,,0,0.02868754482428879,10.058208275127475,0,,,,
UL,Unilever PLC,1,1,20260212,,1,2.324269989768382,8.877695964617272,1,46,20251208,-6.052454606590456,-1
ULTA,"Ulta Beauty, Inc.",1,47,20251205,5.115076105761665,1,0.5676090686393608,28.66598144594747,1,47,20251205,8.427755407809718,1
UNFI,"United Natural Foods, Inc.",1,94,20250930,,1,0.8986800926226173,27.152000277652043,1,27,20260106,5.16982266305981,1
UNG,United States Natural Gas Fund LP,1,24,20260109,9.95670995670996,-1,0.4267095643683635,-11.398535654254879,1,4,20260209,-8.063300678221555,-1
UNH,UnitedHealth Group Incorporated,1,13,20260127,-20.502983802216537,-1,1.1686307525035704,-8.458981465277605,1,13,20260127,-16.400295757024217,-1
URA,Global X Uranium ETF,1,12,20260128,4.851569126378285,1,0.7215553630379193,19.637377288718845,1,74,20251028,5.693459416863673,1
URBN,"Urban Outfitters, Inc.",1,53,20251126,-3.9028620988724962,1,0.6035653947770336,-0.7655391437386446,1,23,20260112,-8.343550760176566,-1
US10Y,United States 10 Year Government Bonds Yield,0,,,,0,,-4.156189912734786,0,,,,
USIRYY,United States Inflation Rate YoY,0,,,,0,,-2.932254802831117,1,2,20251130,-9.999999999999993,-1
UTHR,United Therapeutics Corporation,0,,,,0,0.6570809373067557,20.887967371019233,0,,,,
V,Visa Inc.,0,,,,0,1.5479856213240988,-8.864751292434354,0,,,,
VIX,CBOE Volatility Index,0,,,,0,,19.18089171606024,1,9,20260202,14.392201834862373,1
VLO,Valero Energy Corporation,0,,,,0,0.6599889785106294,27.166627543197553,1,28,20260105,8.698808299558403,1
VODI,Vodafone Group Public Limited Company,1,64,20251111,2.677313292625643,1,0.14925701189614438,28.89311317208904,1,7,20260205,-6.843100189035918,-1
VOOP,Multi Units France SICAV - Amundi CAC 40 UCITS ETF Acc,0,,,,0,0.21670584188499686,5.651157618529024,0,,,,
VOW,Volkswagen AG,0,,,,0,0.1938317937909305,4.854339338919668,0,,,,
VRT,"Vertiv Holdings, LLC",1,2,20260211,,1,1.0586698589320287,57.30487049495731,1,2,20260211,16.847009317703634,1
VRTX,Vertex Pharmaceuticals Incorporated,0,,,,0,1.9935493670294624,12.835467810196995,0,,,,
VSAT,"ViaSat, Inc.",0,,,,0,1.224421688116949,76.61057729243514,1,5,20260206,10.283119658119663,1
VSCO,Victorias Secret & Co.,1,47,20251205,39.18842224744607,1,0.5433687389003325,76.56009422168339,1,23,20260112,-5.159332321699553,-1
VST,Vistra Corp.,1,26,20260107,,-1,1.1235514462643337,-4.808082736868872,1,19,20260116,-7.0096570096570066,-1
VTRS,Viatris Inc.,0,,,,0,0.8399589631924648,51.010969122709504,0,,,,
VWSB,Vestas Wind Systems A/S,1,68,20251105,7.486631016042793,1,0.27670775679282333,15.364170209340427,1,68,20251105,8.229498696030147,1
VZ,Verizon Communications Inc.,1,10,20260130,,1,1.0350683174766366,15.929619059671406,1,10,20260130,5.513690027631249,1
W8V,Bank of China Limited Class H,0,,,,0,0.040941761389224146,0.5797976172453205,0,,,,
WALD,Waldencast plc,1,57,20251120,,1,0.4236930035291448,-12.846646411581714,1,5,20260206,5.747126436781615,1
WBD,"Warner Bros. Discovery, Inc. - Series A",0,,,,0,0.3198047623998349,54.7225193403149,1,46,20251208,5.981595092024549,1
WEC,"WEC Energy Group, Inc.",0,,,,0,1.7568389650701304,6.440921335847874,0,,,,
WEN,Wendy's Company (The),1,1,20260212,,-1,2.6733936135747918,-23.169563643180073,1,66,20251107,10.985277463193665,1
WFC,Wells Fargo & Company,0,,,,0,0.8301795637835631,4.6016047411055885,0,,,,
WH,"Wyndham Hotels & Resorts, Inc.",0,,,,0,0.7468388161439751,-3.793988485219249,1,77,20251023,-7.463614877472323,-1
WHR,Whirlpool Corporation,0,,,,0,1.2778033954394585,6.438707733997981,1,11,20260129,-5.712872511438116,-1
WI2,Wizz Air Holdings Plc,0,,,,0,0.005719720962353644,9.816709540626452,0,,,,
WLY,"John Wiley & Sons, Inc.",1,46,20251208,1.686972820993437,-1,0.9271327609113357,-21.587010717862423,0,,,,
WM,"Waste Management, Inc.",1,74,20251028,,-1,1.4601004834173226,5.148590983324563,1,74,20251028,-6.918650886466772,-1
WOLF,"Wolfspeed, Inc.",0,,,,0,1.363856234718439,,1,6,20260205,-20.930232558139533,-1
XD4,STRABAG SE,0,,,,0,0.3648432759111794,18.050218588184855,1,62,20251113,6.50887573964498,1
XEL,Xcel Energy Inc.,1,98,20250924,,1,1.003710921846142,9.82609746174376,0,,,,
XOM,Exxon Mobil Corporation,0,,,,0,1.0964990267022858,28.496820904688626,0,,,,
XPEV,XPeng Inc.,1,64,20251111,7.691068201785514,1,0.3935735724490366,-11.815017990916019,1,37,20251219,5.806451612903216,1
XYZ,"Block, Inc.",1,66,20251107,-47.84278292297267,-1,1.3338496597928742,-26.735615612081286,1,66,20251107,-13.492175384181596,-1
YSN,secunet Security Networks AG,1,12,20260129,-5.08130081300813,1,0.6528157905380809,-8.428720083246667,1,12,20260129,5.4373522458628845,1
YSN,secunet Security Networks AG,1,11,20260129,-4.081632653061225,1,1.5705077817953152,-5.258312172376342,0,,,,
YUM,"Yum! Brands, Inc.",0,,,,0,1.0591271570871699,8.140435073814928,0,,,,
YUMC,"Yum China Holdings, Inc.",0,,,,0,1.3172975205169597,20.418313491761733,0,,,,
ZCH,China Telecom Corp. Ltd. Class H,0,,,,0,0.0035966048050640196,6.76740332939597,1,10,20241015,-6.086956521739117,-1
ZFI1,Zurich Insurance Group Ltd Sponsored ADR,0,,,,0,0,-1.4714038693680713,0,,,,
ZM,"Zoom Communications, Inc.",0,,,,0,0.9298612446460376,13.054981225669806,1,54,20251125,6.361323155216285,1
ZPRW,SPDR MSCI Europe Value UCITS ETF,0,,,,0,0.6798718086825379,15.11792894814334,0,,,,
ZS,"Zscaler, Inc.",1,53,20251126,,-1,1.1619561545605241,-33.975700628172646,1,53,20251126,-6.778725019846078,-1
ZTS,Zoetis Inc.,1,69,20251104,,-1,0.8505351546719018,-11.381944867184897,1,69,20251104,-13.522687911326633,-1
CYBR,CYBR,,,,,,,,,,,,
ANSS,ANSS,,,,,,,,,,,,
SHOP,SHOP,,,,,,,,,,,,
TA1,TA1,,,,,,,,,,,,
WMT,WMT,,,,,,,,,,,,
COOP,COOP,,,,,,,,,,,,
FI,FI,,,,,,,,,,,,
MEIJI,MEIJI,,,,,,,,,,,,
NANX,NANX,,,,,,,,,,,,
SPCO,SPCO,,,,,,,,,,,,
SKX,SKX,,,,,,,,,,,,
FL,FL,,,,,,,,,,,,
HBI,HBI,,,,,,,,,,,,
WBA,WBA,,,,,,,,,,,,
K,K,,,,,,,,,,,,
DPZ,DPZ,,,,,,,,,,,,
KOZ,KOZ,,,,,,,,,,,,
VAR1,VAR1,,,,,,,,,,,,
LIN,LIN,,,,,,,,,,,,
VTSC,VTSC,,,,,,,,,,,,
1COV,1COV,,,,,,,,,,,,
GOGL,GOGL,,,,,,,,,,,,
LEU,LEU,,,,,,,,,,,,
PNFP,PNFP,,,,,,,,,,,,
DRAG,DRAG,,,,,,,,,,,,
CP6,CP6,,,,,,,,,,,,
VRNA,VRNA,,,,,,,,,,,,
VERV,VERV,,,,,,,,,,,,
AZN,AZN,,,,,,,,,,,,
PINC,PINC,,,,,,,,,,,,
HI,HI,,,,,,,,,,,,
HES,HES,,,,,,,,,,,,
BASE,BASE,,,,,,,,,,,,
FORD,FORD,,,,,,,,,,,,